No,Nama,URL Asli,Likes,Done,Worker,Explanation
1,Dangkot Ayam,https://resepkoki.id/resep/resep-dangkot-ayam/,1679,No,,
2,Tangsuyuk Sapi,https://resepkoki.id/resep/resep-tangsuyuk-sapi/,1510,No,,
3,Ayam Kecap Pedas,https://resepkoki.id/resep/resep-ayam-kecap-pedas/,1831,No,,
4,Chicken Basil Thai,https://resepkoki.id/resep/resep-chicken-basil-thai/,1269,No,,
5,Ayam Geprek Keju,https://resepkoki.id/resep/resep-ayam-geprek-keju/,1233,Yes,Christina,
6,Dumpling Ayam Kukus,https://resepkoki.id/resep/resep-dumpling-ayam-kukus/,1375,No,,
7,Kekian Ayam Udang,https://resepkoki.id/resep/resep-kekian-ayam-udang/,1580,No,,
8,Yakitori Ayam,https://resepkoki.id/resep/resep-yakitori-ayam/,1552,Yes,Ling,
9,Ayam Kecap Kuah,https://resepkoki.id/resep/resep-ayam-kecap-kuah/,1124,No,,
10,Ayam Telur Asin,https://resepkoki.id/resep/resep-ayam-telur-asin/,1633,Yes,Ling,
11,Korean Spicy Chicken,https://resepkoki.id/resep/resep-korean-spicy-chicken/,1657,Yes,Ling,
12,Bubur Ayam Quaker Oat,https://resepkoki.id/resep/resep-bubur-ayam-quaker-oat/,1763,No,,
13,Nasi Jinggo,https://resepkoki.id/resep/resep-nasi-jinggo/,1746,Yes,Ling,
14,Lidah Sapi Cabe hijau,https://resepkoki.id/resep/resep-lidah-sapi-cabe-hijau/,1066,No,,
15,Burrito Ayam,https://resepkoki.id/resep/resep-burrito-ayam/,1369,No,,
16,Saksang Ayam,https://resepkoki.id/resep/resep-saksang-ayam/,1517,No,,
17,Pempek Ayam,https://resepkoki.id/resep/resep-pempek-ayam/,1090,No,,
18,Burung Puyuh Bakar,https://resepkoki.id/resep/resep-burung-puyuh-bakar/,1572,No,,
19,Ayam Kuah Hitam,https://resepkoki.id/resep/resep-ayam-kuah-hitam/,1233,No,,
20,Ayam Goreng Oatmeal,https://resepkoki.id/resep/resep-ayam-goreng-oatmeal/,1359,No,,
21,Ayam Goreng Sasando,https://resepkoki.id/resep/resep-ayam-goreng-sasando/,1774,No,,
22,Ayam Bakar Bumbu Rujak,https://resepkoki.id/resep/resep-ayam-bakar-bumbu-rujak/,1374,No,,
23,Ayam Bakar Lumajang,https://resepkoki.id/resep/resep-ayam-bakar-lumajang/,1035,No,,
24,Ayam Bumbu Rajang (Khas Lombok),https://resepkoki.id/resep/resep-ayam-bumbu-rajang-khas-lombok/,1302,No,,
25,Kalio Daging Sapi,https://resepkoki.id/resep/resep-kalio-daging-sapi/,1062,No,,
26,Tum Ayam,https://resepkoki.id/resep/resep-tum-ayam/,1778,No,,
27,Gore Gore,https://resepkoki.id/resep/resep-gore-gore/,1327,No,,
28,Tahu Campur,https://resepkoki.id/resep/resep-tahu-campur/,1274,No,,
29,Bakso Keju,https://resepkoki.id/resep/resep-bakso-keju/,1548,No,,
30,Ayam Panggang Pecel,https://resepkoki.id/resep/resep-ayam-panggang-pecel/,1024,No,,
31,Sepat Ayam,https://resepkoki.id/resep/resep-sepat-ayam/,1571,No,,
32,Nasi Briyani Ayam,https://resepkoki.id/resep/resep-nasi-briyani-ayam/,1154,No,,
33,Ayam Kodok,https://resepkoki.id/resep/resep-ayam-kodok/,1122,No,,
34,Ayam Kecap Jahe,https://resepkoki.id/resep/resep-ayam-kecap-jahe/,1544,No,,
35,Oseng Tahu Udang,https://resepkoki.id/resep/resep-oseng-tahu-udang/,1601,No,,
36,Daging Bumbu Bali,https://resepkoki.id/resep/resep-daging-bumbu-bali/,1752,No,,
37,Ayam Bakar Klaten,https://resepkoki.id/resep/resep-ayam-bakar-klaten/,1745,No,,
38,Ayam Goreng Cabe,https://resepkoki.id/resep/resep-ayam-goreng-cabe/,1763,No,,
39,Ayam Kare Jawa,https://resepkoki.id/resep/resep-ayam-kare-jawa/,1880,No,,
40,Dendeng Lambok,https://resepkoki.id/resep/resep-dendeng-lambok/,1581,No,,
41,Ayam Panggang Lada Hitam,https://resepkoki.id/resep/resep-ayam-panggang-lada-hitam/,1558,No,,
42,Pallu Basa,https://resepkoki.id/resep/resep-pallu-basa/,1197,No,,
43,Ayam Goreng Bawang,https://resepkoki.id/resep/resep-ayam-goreng-bawang/,1187,No,,
44,Sayap Ayam Isi,https://resepkoki.id/resep/resep-sayap-ayam-isi/,1458,No,,
45,Nasi Bebek,https://resepkoki.id/resep/resep-nasi-bebek/,1464,Yes,Christina,
46,Ayam Panggang Madu,https://resepkoki.id/resep/resep-ayam-panggang-madu/,1552,No,,
47,Tumis Ayam Cincang Nanas Paprika,https://resepkoki.id/resep/resep-tumis-ayam-cincang-nanas-paprika/,1600,No,,
48,Ayam Tangkap,https://resepkoki.id/resep/resep-ayam-tangkap/,1175,No,,
49,Sop Buntut Bakar,https://resepkoki.id/resep/resep-sop-buntut-bakar/,1493,Yes,Ling,
50,Siomay Udang Kuah Kaldu,https://resepkoki.id/resep/resep-siomay-udang-kuah-kaldu/,1525,No,,
51,Batagor Kuah,https://resepkoki.id/resep/resep-batagor-kuah/,1533,No,,
52,Ayam Goreng Terasi,https://resepkoki.id/resep/resep-ayam-goreng-terasi/,1539,No,,
53,Ayam Suwir Cabe Ijo,https://resepkoki.id/resep/resep-ayam-suwir-cabe-ijo/,1553,No,,
54,Ayam Rebus Bumbu,https://resepkoki.id/resep/resep-ayam-rebus-bumbu/,1167,No,,
55,Ayam Saus Inggris,https://resepkoki.id/resep/resep-ayam-saus-inggris/,1170,Yes,Christina,
56,Ayam Bekakak,https://resepkoki.id/resep/resep-ayam-bekakak/,1370,No,,
57,Gadon Daging,https://resepkoki.id/resep/resep-gadon-daging/,1398,No,,
58,Kalio Ayam,https://resepkoki.id/resep/resep-kalio-ayam/,1364,No,,
59,Sambal Goreng Hati Sapi,https://resepkoki.id/resep/resep-sambal-goreng-hati-sapi/,1362,No,,
60,Iga Penyet,https://resepkoki.id/resep/resep-iga-penyet/,1341,Yes,Ling,
61,Krengsengan Daging Sapi,https://resepkoki.id/resep/resep-krengsengan-daging-sapi/,1367,No,,
62,Gulai Iga Sapi,https://resepkoki.id/resep/resep-gulai-iga-sapi/,1570,No,,
63,Ekkado,https://resepkoki.id/resep/resep-ekkado/,1383,Yes,Garda,
64,Ayam Saus Lemon,https://resepkoki.id/resep/resep-ayam-saus-lemon/,1668,No,,
65,Bistik Lidah Sapi,https://resepkoki.id/resep/resep-bistik-lidah-sapi/,1691,No,,
66,Kebab,https://resepkoki.id/resep/resep-kebab/,1817,Yes,Ling,
67,Ayam Barbeque,https://resepkoki.id/resep/resep-ayam-barbeque/,1039,Yes,Ling,
68,Egg Chicken Roll,https://resepkoki.id/resep/resep-egg-chicken-roll/,1080,Yes,Christina,
69,Ayam Lodho,https://resepkoki.id/resep/resep-ayam-lodho/,1079,No,,
70,Itiak Lado Mudo (Bebek Cabe Ijo),https://resepkoki.id/resep/resep-itiak-lado-mudo/,1057,No,,
71,Tengkleng,https://resepkoki.id/resep/resep-tengkleng/,1129,No,,
72,Tim Telur Daging,https://resepkoki.id/resep/resep-tim-telur-daging/,1074,No,,
73,Sate Ponorogo,https://resepkoki.id/resep/resep-sate-ponorogo/,1084,No,,
74,Sate Klopo,https://resepkoki.id/resep/resep-sate-klopo/,1299,No,,
75,Sop Ceker,https://resepkoki.id/resep/resep-sop-ceker/,1345,No,,
76,Sempol Ikan Tenggiri,https://resepkoki.id/resep/resep-sempol-ikan-tenggiri/,1317,No,,
77,Ayam Kecap Goreng Mentega,https://resepkoki.id/resep/resep-ayam-kecap-goreng-mentega/,1214,No,,
78,Kari Kambing,https://resepkoki.id/resep/resep-kari-kambing/,1292,No,,
79,Mie Kangkung Ayam,https://resepkoki.id/resep/resep-mie-kangkung-ayam/,1193,No,,
80,Sambal Goreng Krecek,https://resepkoki.id/resep/resep-sambal-goreng-krecek/,1352,No,,
81,Gyoza,https://resepkoki.id/resep/resep-gyoza/,1355,Yes,Ling,
82,Ayam Gepuk,https://resepkoki.id/resep/resep-ayam-gepuk/,1316,Yes,Ling,
83,Sate Padang,https://resepkoki.id/resep/resep-sate-padang/,1318,Yes,Garda,
84,Tumis Daging Sapi Cabe Ijo,https://resepkoki.id/resep/resep-tumis-daging-sapi-cabe-ijo/,1328,No,,
85,Bebek Madura,https://resepkoki.id/resep/resep-bebek-madura/,1183,No,,
86,Pindang Daging Kudus,https://resepkoki.id/resep/resep-pindang-daging-kudus/,1143,No,,
87,Ayam Pelalah,https://resepkoki.id/resep/resep-ayam-pelalah/,1303,No,,
88,Ayam Jerit,https://resepkoki.id/resep/resep-ayam-jerit/,1321,No,,
89,Bebek Kaleyo,https://resepkoki.id/resep/resep-bebek-kaleyo/,1121,No,,
90,Tumis Buncis Daging Giling,https://resepkoki.id/resep/resep-tumis-buncis-daging-giling/,1165,No,,
91,Sate Maranggi,https://resepkoki.id/resep/resep-sate-maranggi/,1162,No,,
92,Ayam Wijen Saus Mentega,https://resepkoki.id/resep/resep-ayam-wijen-saus-mentega/,1171,Yes,Ling,
93,Babat Gongso,https://resepkoki.id/resep/resep-babat-gongso/,1152,No,,
94,Paru Goreng,https://resepkoki.id/resep/resep-paru-goreng/,1103,No,,
95,Ayam Penyet,https://resepkoki.id/resep/resep-ayam-penyet/,1715,Yes,Christina,
96,Dim Sum Ceker Ayam,https://resepkoki.id/resep/resep-dim-sum-ceker-ayam/,1616,Yes,Saras,
97,Sate Kambing,https://resepkoki.id/resep/resep-sate-kambing/,1690,Yes,Christina,
98,Bulgogi,https://resepkoki.id/resep/resep-bulgogi/,1469,No,,
99,Ayam Goreng Tulang Lunak,https://resepkoki.id/resep/resep-ayam-goreng-tulang-lunak/,1513,No,,
100,Ayam Goreng Kalasan,https://resepkoki.id/resep/resep-ayam-goreng-kalasan/,1554,No,,
101,Ayam Bakar Kecap,https://resepkoki.id/resep/resep-ayam-bakar-kecap/,1627,No,,
102,Ayam Bakar Bumbu Bali,https://resepkoki.id/resep/resep-ayam-bakar-bumbu-bali/,1640,No,,
103,Ayam Sambal Matah,https://resepkoki.id/resep/resep-ayam-sambal-matah/,1571,No,,
104,Galantin Ayam,https://resepkoki.id/resep/resep-galantin-ayam/,1641,No,,
105,Ayam Lada Hitam,https://resepkoki.id/resep/resep-ayam-lada-hitam/,1624,No,,
106,Ayam Bakar Bumbu Kuning,https://resepkoki.id/resep/resep-ayam-bakar-bumbu-kuning/,1634,No,,
107,Pindang Tulang Iga,https://resepkoki.id/resep/resep-pindang-tulang-iga/,1586,No,,
108,Ayam Bakar Padang,https://resepkoki.id/resep/resep-ayam-bakar-padang/,1647,No,,
109,Bakso Ayam,https://resepkoki.id/resep/resep-bakso-ayam/,1866,No,,
110,Bebek Goreng Surabaya,https://resepkoki.id/resep/resep-bebek-goreng-surabaya/,1721,No,,
111,Ayam Goreng KFC Krispi,https://resepkoki.id/resep/resep-ayam-goreng-kfc-krispi/,1706,No,,
112,Ayam Gongso,https://resepkoki.id/resep/resep-ayam-gongso/,1064,No,,
113,Spicy Chicken Wings (Richeese),https://resepkoki.id/resep/resep-spicy-chicken-wings-richeese/,1105,No,,
114,Ayam Kremes,https://resepkoki.id/resep/resep-ayam-kremes/,1415,No,,
115,Ayam Kungpao,https://resepkoki.id/resep/resep-ayam-kungpao/,1448,No,,
116,Usus Ayam Tumis Pedas Manis,https://resepkoki.id/resep/resep-usus-ayam-tumis-pedas-manis/,1454,No,,
117,Ayam Kemangi,https://resepkoki.id/resep/resep-ayam-kemangi/,1450,No,,
118,Ayam Pok Pok,https://resepkoki.id/resep/resep-ayam-pok-pok/,1455,No,,
119,Ayam Geprek,https://resepkoki.id/resep/resep-ayam-geprek/,1418,No,,
120,Rendang Daging Sapi Padang,https://resepkoki.id/resep/resep-rendang-daging-sapi-padang/,1652,No,,
121,Ayam Geprek Jogja,https://resepkoki.id/resep/resep-ayam-geprek-jogja/,1491,No,,
122,Semur Hati Ampela Ayam,https://resepkoki.id/resep/resep-semur-hati-ampela-ayam/,1225,No,,
123,Opor Ayam Putih,https://resepkoki.id/resep/resep-opor-ayam-putih/,1350,No,,
124,Ayam Karage,https://resepkoki.id/resep/resep-ayam-karage/,1203,No,,
125,Pecel Ayam,https://resepkoki.id/resep/resep-pecel-ayam/,1230,No,,
126,Galantin Daging Sapi,https://resepkoki.id/resep/resep-galantin-daging-sapi/,1358,No,,
127,Rendang Ayam,https://resepkoki.id/resep/resep-rendang-ayam/,1858,Yes,Garda,
128,Gulai Ayam Padang,https://resepkoki.id/resep/resep-gulai-ayam-padang/,1542,No,,
129,Ayam Taliwang,https://resepkoki.id/resep/resep-ayam-taliwang/,1286,No,,
130,Sambal Goreng Ati Ampela,https://resepkoki.id/resep/resep-sambal-goreng-ati-ampela/,1359,No,,
131,Ayam Nanking,https://resepkoki.id/resep/resep-ayam-nanking/,1323,No,,
132,Ayam Popcorn,https://resepkoki.id/resep/resep-ayam-popcorn/,1429,No,,
133,Sop Saudara,https://resepkoki.id/resep/resep-sop-saudara/,1374,No,,
134,Bistik Daging Sapi,https://resepkoki.id/resep/resep-bistik-daging-sapi/,2043,No,,
135,Tongseng Sapi,https://resepkoki.id/resep/resep-tongseng-sapi/,1714,No,,
136,Ayam Kuluyuk,https://resepkoki.id/resep/resep-ayam-kuluyuk/,1704,No,,
137,Rendang Daging Sapi (Asli Minang),https://resepkoki.id/resep/resep-rendang-daging-sapi-asli-minang/,1041,Yes,Aras,
138,Ayam Saus Tiram,https://resepkoki.id/resep/resep-ayam-saus-tiram/,1122,Yes,Aras,
139,Daging Sapi Paprika Lada Hitam,https://resepkoki.id/resep/resep-daging-sapi-paprika-lada-hitam/,1733,Yes,Aras,
140,Rolade Daging Sapi,https://resepkoki.id/resep/resep-rolade-daging-sapi/,1747,No,,
141,Siomay Ayam Udang Dimsum,https://resepkoki.id/resep/resep-siomay-ayam-udang-dimsum/,2027,Yes,Aras,
142,Terik Daging Tahu Tempe,https://resepkoki.id/resep/resep-terik-daging-tahu-tempe/,1075,No,,
143,Bistik Ayam,https://resepkoki.id/resep/resep-bistik-ayam/,1139,No,,
144,Seblak Ceker,https://resepkoki.id/resep/resep-seblak-ceker/,1355,No,,
145,Brongkos,https://resepkoki.id/resep/resep-brongkos/,1118,No,,
146,Ayam Pop,https://resepkoki.id/resep/resep-ayam-pop/,1423,Yes,Aras,
147,Abon Sapi,https://resepkoki.id/resep/resep-abon-sapi/,1217,No,,
148,Ayam Nasu Palekko,https://resepkoki.id/resep/resep-ayam-nasu-palekko/,1205,No,,
149,Steak Ayam Brown Sauce ( Chicken Steak ),https://resepkoki.id/resep/resep-ayam-chicken-steak-brown-sauce/,1390,No,,
150,Dendeng Balado,https://resepkoki.id/resep/resep-dendeng-balado/,1482,No,,
151,Ayam Balado,https://resepkoki.id/resep/resep-ayam-balado/,1445,Yes,Aras,
152,Semur Daging Sapi,https://resepkoki.id/resep/resep-semur-daging-sapi/,1541,No,,
153,Tongseng Ayam,https://resepkoki.id/resep/resep-tongseng-ayam/,1689,No,,
154,Ceker Ayam Pedas,https://resepkoki.id/resep/resep-ceker-ayam-pedas/,1658,No,,
155,Ayam Goreng Kecap,https://resepkoki.id/resep/resep-ayam-goreng-kecap/,1793,Yes,Aras,
156,Beef Daging Teriyaki,https://resepkoki.id/resep/resep-beef-daging-teriyaki/,1533,No,,
157,Chicken Katsu,https://resepkoki.id/resep/resep-chicken-katsu/,2020,Yes,Christina,
158,Ayam Suwir Pedas Bali,https://resepkoki.id/resep/resep-ayam-suwir-pedas-bali/,1625,No,,
159,Ayam Bakar Madu,https://resepkoki.id/resep/resep-ayam-bakar-madu/,1054,No,,
160,Ayam Kecap Padang,https://resepkoki.id/resep/resep-ayam-kecap-padang/,1083,No,,
161,Sate Taichan,https://resepkoki.id/resep/resep-sate-taichan/,1164,Yes,Christina,
162,Semur Ayam,https://resepkoki.id/resep/resep-semur-ayam/,1579,No,,
163,Rawon,https://resepkoki.id/resep/resep-rawon/,1068,Yes,Santa,
164,Ayam Rica-Rica,https://resepkoki.id/resep/resep-ayam-rica-rica/,1545,Yes,Santa,
165,Kikil Sapi Oseng Cabe Hijau,https://resepkoki.id/resep/resep-kikil-sapi-oseng-cabe-hijau/,1260,No,,
166,Nugget Ayam,https://resepkoki.id/resep/resep-nugget-ayam/,2125,Yes,Santa,
167,Ayam Goreng Lengkuas,https://resepkoki.id/resep/resep-ayam-goreng-lengkuas/,1152,No,,
168,Gulai Kambing,https://resepkoki.id/resep/resep-gulai-kambing/,1257,Yes,Santa,
169,Ayam Cabe Ijo,https://resepkoki.id/resep/resep-ayam-cabe-ijo/,1304,Yes,Christina,
170,Pepes Ayam,https://resepkoki.id/resep/resep-pepes-ayam/,1690,No,,
171,Beef Steak Tenderloin Blackpepper Sauce,https://resepkoki.id/resep/resep-beef-steak-tenderloin-blackpepper-sauce/,1342,No,,
172,Chicken (Ayam) Teriyaki,https://resepkoki.id/resep/resep-chicken-ayam-teriyaki/,1426,No,,
173,Ayam Betutu,https://resepkoki.id/resep/resep-ayam-betutu/,1454,Yes,Santa,
174,Ayam Serundeng,https://resepkoki.id/resep/resep-ayam-serundeng/,1544,No,,
175,Asem-Asem Daging,https://resepkoki.id/resep/resep-asem-asem-daging/,1617,No,,
176,Beef Yakiniku,https://resepkoki.id/resep/resep-beef-yakiniku/,1631,No,,
177,Ayam Goreng Tepung,https://resepkoki.id/resep/resep-ayam-goreng-tepung/,1607,No,,
178,Ayam Woku,https://resepkoki.id/resep/resep-ayam-woku/,2073,Yes,Aras,
179,Sate Ayam Madura,https://resepkoki.id/resep/resep-sate-ayam-madura/,2107,Yes,Santa,
180,Chicken Cordon Bleu,https://resepkoki.id/resep/resep-chicken-cordon-bleu/,1651,Yes,Santa,
181,Sate Lilit,https://resepkoki.id/resep/resep-sate-lilit/,1582,Yes,Santa,
182,Sate Komoh,https://resepkoki.id/resep/resep-sate-komoh/,1147,No,,
183,Ayam Tuturuga,https://resepkoki.id/resep/resep-ayam-tuturuga/,1097,No,,
184,Krengsengan Kambing,https://resepkoki.id/resep/resep-krengsengan-kambing/,1663,No,,
185,Mie Sop Medan,https://resepkoki.id/resep/resep-mie-sop-medan/,1061,No,,
186,Nasi Bakar Ayam Kemangi,https://resepkoki.id/resep/resep-nasi-bakar-ayam-kemangi/,1597,No,,
187,Koloke Ayam,https://resepkoki.id/resep/resep-koloke-ayam/,1098,Yes,Santa,
188,Tongseng Kambing,https://resepkoki.id/resep/resep-tongseng-kambing/,1771,No,,
189,Rabeg Daging Sapi,https://resepkoki.id/resep/resep-rabeg-daging-sapi/,1130,No,,
190,Hamburger Daging,https://resepkoki.id/resep/resep-hamburger-daging/,1300,No,,
191,Ayam Goreng Padang,https://resepkoki.id/resep/resep-ayam-goreng-padang/,1275,No,,
192,Garang Asem Ayam,https://resepkoki.id/resep/resep-garang-asem-ayam/,1764,No,,
193,Empal Gepuk,https://resepkoki.id/resep/resep-empal-gepuk/,1649,No,,
194,Nasi Gandul,https://resepkoki.id/resep/resep-nasi-gandul/,1662,No,,
195,Selat Solo,https://resepkoki.id/resep/resep-selat-solo/,1852,No,,
196,Empal Gentong,https://resepkoki.id/resep/resep-empal-gentong/,1703,No,,
197,Daging Malbi Semur,https://resepkoki.id/resep/resep-daging-malbi-semur/,1677,No,,
198,Ceker Ayam Mercon,https://resepkoki.id/resep/resep-ceker-ayam-mercon/,1502,No,,
199,Ayam Bumbu Rujak Kuah,https://resepkoki.id/resep/resep-ayam-bumbu-rujak-kuah/,1685,No,,
200,Dendeng Ragi,https://resepkoki.id/resep/resep-dendeng-ragi/,1568,No,,
201,Kentang Daging Cincang,https://resepkoki.id/resep/resep-kentang-daging-cincang/,1378,No,,
202,Opor Ayam Kuning,https://resepkoki.id/resep/resep-opor-ayam-kuning/,1537,No,,
203,Semur Bola Bola Daging,https://resepkoki.id/resep/resep-semur-bola-bola-daging/,1550,No,,
204,Rendang Bola Bola Daging,https://resepkoki.id/resep/resep-rendang-bola-bola-daging/,1554,No,,
205,Oseng Mercon,https://resepkoki.id/resep/resep-oseng-mercon/,1549,No,,
206,Gulai Kikil (Tunjang),https://resepkoki.id/resep/resep-gulai-kikil-tunjang/,1436,No,,
207,Kari Ayam,https://resepkoki.id/resep/resep-kari-ayam/,1738,No,,
208,Sempol Ayam,https://resepkoki.id/resep/resep-sempol-ayam/,2406,No,,
209,Iga Bakar Madu,https://resepkoki.id/resep/resep-iga-bakar-madu/,1630,No,,
210,Serundeng Daging,https://resepkoki.id/resep/resep-serundeng-daging/,1122,No,,
211,Sate Daging Sapi,https://resepkoki.id/resep/resep-sate-daging-sapi/,1331,No,,
212,Ayam Asam Manis,https://resepkoki.id/resep/resep-ayam-asam-manis/,1429,No,,
213,Dendeng Batokok,https://resepkoki.id/resep/resep-dendeng-batokok/,1380,No,,
214,Tuna Bakar Kecap,https://resepkoki.id/resep/resep-tuna-bakar-kecap/,1350,No,,
215,Otak Otak Bandeng,https://resepkoki.id/resep/resep-otak-otak-bandeng/,1604,No,,
216,Rajungan Saus Padang,https://resepkoki.id/resep/resep-rajungan-saus-padang/,1582,No,,
217,Udang Saus Padang,https://resepkoki.id/resep/resep-udang-saus-padang/,1755,No,,
218,Patin Bakar,https://resepkoki.id/resep/resep-patin-bakar/,1513,No,,
219,Poke Bowl Salmon,https://resepkoki.id/resep/resep-poke-bowl-salmon/,1548,No,,
220,Gulai Ikan Mas,https://resepkoki.id/resep/resep-gulai-ikan-mas/,1026,No,,
221,Lumpia Vietnam,https://resepkoki.id/resep/resep-lumpia-vietnam/,1356,No,,
222,Rajungan Asam Manis,https://resepkoki.id/resep/resep-rajungan-asam-manis/,1534,No,,
223,Bakso Udang Goreng,https://resepkoki.id/resep/resep-bakso-udang-goreng/,1032,No,,
224,Salmon Mentai,https://resepkoki.id/resep/resep-salmon-mentai/,1265,Yes,Santa,
225,Pindang Bumbu Sarden,https://resepkoki.id/resep/resep-pindang-bumbu-sarden/,1245,No,,
226,Nasi Bakar Ikan Cakalang,https://resepkoki.id/resep/resep-nasi-bakar-ikan-cakalang/,1346,Yes,Garda,
227,Cumi Pete Pedas,https://resepkoki.id/resep/resep-cumi-pete-pedas/,1377,No,,
228,Sate Bandeng,https://resepkoki.id/resep/resep-sate-bandeng/,1637,No,,
229,Belut Goreng,https://resepkoki.id/resep/resep-belut-goreng/,1489,No,,
230,Kerang Hijau Balado,https://resepkoki.id/resep/resep-kerang-hijau-balado/,1051,No,,
231,Kerang Dara Saus Pedas,https://resepkoki.id/resep/resep-kerang-dara-saus-pedas/,1059,No,,
232,Siomay Ikan Bandung,https://resepkoki.id/resep/resep-siomay-ikan-bandung/,1313,No,,
233,Kerang Hijau Rebus,https://resepkoki.id/resep/resep-kerang-hijau-rebus/,1586,No,,
234,Sambal Tongkol,https://resepkoki.id/resep/resep-sambal-tongkol/,1344,No,,
235,Cilok Ikan,https://resepkoki.id/resep/resep-cilok-ikan/,1133,No,,
236,Jambal Roti Tumis,https://resepkoki.id/resep/resep-jambal-roti-tumis/,1138,No,,
237,Tongkol Suwir Lombok Ijo,https://resepkoki.id/resep/resep-tongkol-suwir-lombok-ijo/,1131,No,,
238,Tulang Jambal Cabe,https://resepkoki.id/resep/resep-tulang-jambal-cabe/,1132,No,,
239,Bola Bola Udang Roti,https://resepkoki.id/resep/resep-bola-bola-udang-roti/,1147,No,,
240,Udang Cabe Garam,https://resepkoki.id/resep/resep-udang-cabe-garam/,1149,Yes,Ara,
241,Rolade Ikan,https://resepkoki.id/resep/resep-rolade-ikan/,1186,No,,
242,Lele Goreng Kremes,https://resepkoki.id/resep/resep-lele-goreng-kremes/,1486,No,,
243,Udang Saus Inggris,https://resepkoki.id/resep/resep-udang-saus-inggris/,1483,No,,
244,Sate Kerang,https://resepkoki.id/resep/resep-sate-kerang/,1569,No,,
245,Gulai Kakap,https://resepkoki.id/resep/resep-gulai-kakap/,1052,No,,
246,Ikan Gabus Pucung,https://resepkoki.id/resep/resep-ikan-gabus-pucung/,1087,No,,
247,Hakau,https://resepkoki.id/resep/resep-hakau/,1097,No,,
248,Kepiting Saus Padang,https://resepkoki.id/resep/resep-kepiting-saus-padang/,1655,No,,
249,Cumi Goreng Mentega,https://resepkoki.id/resep/resep-cumi-goreng-mentega/,1701,Yes,Garda,
250,Bandeng Bakar,https://resepkoki.id/resep/resep-bandeng-bakar/,1053,No,,
251,Ikan Gurame Bakar Bumbu Bali,https://resepkoki.id/resep/resep-ikan-gurame-bakar-bumbu-bali/,1134,No,,
252,Sate Ikan Tongkol,https://resepkoki.id/resep/resep-sate-ikan-tongkol/,1067,No,,
253,Pangek Ikan Nila,https://resepkoki.id/resep/resep-pangek-ikan-nila/,1078,No,,
254,Ikan Gurame Bakar Madu,https://resepkoki.id/resep/resep-ikan-gurame-bakar-madu/,1151,No,,
255,Gulai Ikan Tongkol,https://resepkoki.id/resep/resep-gulai-ikan-tongkol/,1118,No,,
256,Kakap Bumbu Kuning,https://resepkoki.id/resep/resep-kakap-bumbu-kuning/,1298,No,,
257,Ikan Salai Asap Balado,https://resepkoki.id/resep/resep-ikan-salai-asap-balado/,1589,No,,
258,Cakalang Fufu Pampis,https://resepkoki.id/resep/resep-cakalang-fufu-pampis/,1343,No,,
259,Pempek Sutra,https://resepkoki.id/resep/resep-pempek-sutra/,1391,No,,
260,Tenggiri Lempah Kuning,https://resepkoki.id/resep/resep-tenggiri-lempah-kuning/,1320,No,,
261,Gurame Bumbu Rujak,https://resepkoki.id/resep/resep-gurame-bumbu-rujak/,1370,No,,
262,Nugget Ikan,https://resepkoki.id/resep/resep-nugget-ikan/,1428,No,,
263,Sambal Goreng Kentang Udang,https://resepkoki.id/resep/resep-sambal-goreng-kentang-udang/,1429,No,,
264,Kerang Dara Asam Manis,https://resepkoki.id/resep/resep-kerang-dara-asam-manis/,1413,No,,
265,Pempek Lenggang,https://resepkoki.id/resep/resep-pempek-lenggang/,1558,No,,
266,Kerang Dara Rebus,https://resepkoki.id/resep/resep-kerang-dara-rebus/,1057,No,,
267,Ikan Tenggiri Bumbu Kuning,https://resepkoki.id/resep/resep-ikan-tenggiri-bumbu-kuning/,1110,No,,
268,Pecak Lele,https://resepkoki.id/resep/resep-pecak-lele/,1097,No,,
269,Pepes Peda,https://resepkoki.id/resep/resep-pepes-peda/,1133,No,,
270,Ikan Kerapu Asam Manis,https://resepkoki.id/resep/resep-ikan-kerapu-asam-manis/,1143,Yes,Garda,
271,Sambal Udang Goreng Petai,https://resepkoki.id/resep/resep-sambal-udang-goreng-petai/,1107,No,,
272,Gulai Aceh Ikan Tongkol,https://resepkoki.id/resep/resep-gulai-aceh-ikan-tongkol/,1142,No,,
273,Udang Bakar Madu,https://resepkoki.id/resep/resep-udang-bakar-madu/,1142,No,,
274,Ikan Bawal Bakar,https://resepkoki.id/resep/resep-ikan-bawal-bakar/,1618,No,,
275,Salmon Teriyaki,https://resepkoki.id/resep/resep-salmon-teriyaki/,1614,Yes,Garda,
276,Lele Bakar,https://resepkoki.id/resep/resep-lele-bakar/,1638,No,,
277,Ikan Bawal Bumbu Kuning,https://resepkoki.id/resep/resep-ikan-bawal-bumbu-kuning/,1210,No,,
278,Pempek Lenjer,https://resepkoki.id/resep/resep-pempek-lenjer/,1576,No,,
279,Pepes Udang,https://resepkoki.id/resep/resep-pepes-udang/,1615,No,,
280,Udang Pete Balado,https://resepkoki.id/resep/resep-udang-pete-balado/,1591,No,,
281,Ikan Salem Bumbu Sarden,https://resepkoki.id/resep/resep-ikan-salem-bumbu-sarden/,1695,No,,
282,Gulai Cumi Isi Telur,https://resepkoki.id/resep/resep-gulai-cumi-isi-telur/,1681,No,,
283,Bakso Udang Rebus,https://resepkoki.id/resep/resep-bakso-udang-rebus/,1718,No,,
284,Bakso Ikan,https://resepkoki.id/resep/resep-bakso-ikan/,1837,Yes,Garda,
285,Pindang Serani,https://resepkoki.id/resep/resep-pindang-serani/,1174,No,,
286,Pempek Kulit,https://resepkoki.id/resep/resep-pempek-kulit/,1455,No,,
287,Palumara Bandeng,https://resepkoki.id/resep/resep-palumara-bandeng/,1191,No,,
288,Asam Padeh Ikan Patin,https://resepkoki.id/resep/resep-asam-padeh-ikan-patin/,1369,No,,
289,Tim Ikan Kakap,https://resepkoki.id/resep/resep-tim-ikan-kakap/,1267,No,,
290,Kapurung,https://resepkoki.id/resep/resep-kapurung/,1311,No,,
291,Cumi Asam Manis,https://resepkoki.id/resep/resep-cumi-asam-manis/,1623,No,,
292,Asam Padeh Ikan Tongkol,https://resepkoki.id/resep/resep-asam-padeh-ikan-tongkol/,1410,No,,
293,Ikan Tongkol Bumbu Kuning,https://resepkoki.id/resep/resep-ikan-tongkol-bumbu-kuning/,1257,No,,
294,Udang Goreng Mentega,https://resepkoki.id/resep/resep-udang-goreng-mentega/,1336,No,,
295,Sarden Homemade,https://resepkoki.id/resep/resep-sarden-homemade/,1455,No,,
296,Garang Asem Ikan,https://resepkoki.id/resep/resep-garang-asem-ikan/,1389,No,,
297,Arsik Ikan Mas,https://resepkoki.id/resep/resep-arsik-ikan-mas/,1440,No,,
298,Pindang Tongkol Balado,https://resepkoki.id/resep/resep-pindang-tongkol-balado/,1416,No,,
299,Semur Bandeng,https://resepkoki.id/resep/resep-semur-bandeng/,1440,No,,
300,Balado Ikan Kembung,https://resepkoki.id/resep/resep-balado-ikan-kembung/,1426,No,,
301,Abon Ikan Tongkol,https://resepkoki.id/resep/resep-abon-ikan-tongkol/,1551,No,,
302,Ikan Kakap Asam Manis,https://resepkoki.id/resep/resep-ikan-kakap-asam-manis/,1473,No,,
303,Otak-Otak Goreng,https://resepkoki.id/resep/resep-otak-otak-goreng/,1527,No,,
304,Pempek Adaan,https://resepkoki.id/resep/resep-pempek-adaan/,1439,No,,
305,Pempek Kapal Selam,https://resepkoki.id/resep/resep-pempek-kapal-selam/,1459,No,,
306,Ikan Woku Belanga,https://resepkoki.id/resep/resep-ikan-woku-belanga/,1130,No,,
307,Cumi Goreng Tepung (Calamari),https://resepkoki.id/resep/resep-cumi-goreng-tepung-calamari/,1124,Yes,Garda,
308,Ikan Asap Santan,https://resepkoki.id/resep/resep-ikan-asap-santan/,1165,No,,
309,Udang Asam Manis,https://resepkoki.id/resep/resep-udang-asam-manis/,1779,Yes,Christina,
310,Abon Tuna,https://resepkoki.id/resep/resep-abon-tuna/,1121,No,,
311,Pepes Ikan Mas Khas Sunda,https://resepkoki.id/resep/resep-pepes-ikan-mas-khas-sunda/,1489,No,,
312,Ikan Mujair Bakar Kecap,https://resepkoki.id/resep/resep-ikan-mujair-bakar-kecap/,1435,No,,
313,Gulai Ikan Tenggiri,https://resepkoki.id/resep/resep-gulai-ikan-tenggiri/,1339,No,,
314,Ikan Gurame Asam Manis,https://resepkoki.id/resep/resep-ikan-gurame-asam-manis/,1665,Yes,Garda,
315,Udang Saos Tiram,https://resepkoki.id/resep/resep-udang-saos-tiram/,1344,No,,
316,Pecel Lele,https://resepkoki.id/resep/resep-pecel-lele/,1404,No,,
317,Sambal Goreng Kering Teri Kacang,https://resepkoki.id/resep/resep-sambal-goreng-kering-teri-kacang/,1576,No,,
318,Pesmol Ikan Nila,https://resepkoki.id/resep/resep-pesmol-ikan-nila/,1604,No,,
319,Ikan Bandeng Presto,https://resepkoki.id/resep/resep-ikan-bandeng-presto/,1747,No,,
320,Ikan Kembung Goreng Bumbu Kuning,https://resepkoki.id/resep/resep-ikan-kembung-goreng-bumbu-kuning/,1601,No,,
321,Udang Goreng Tepung (Ebi Furai),https://resepkoki.id/resep/resep-udang-goreng-tepung-ebi-furai/,1577,No,,
322,Pepes Ikan Kembung,https://resepkoki.id/resep/resep-pepes-ikan-kembung/,1659,No,,
323,Pepes Ikan Teri Basah,https://resepkoki.id/resep/resep-pepes-ikan-teri-basah/,1181,No,,
324,Pecak Gurame,https://resepkoki.id/resep/resep-pecak-gurame/,1154,No,,
325,Kotokan Ikan Pe Lombok Ijo,https://resepkoki.id/resep/resep-kotokan-ikan-pe-lombok-ijo/,1057,No,,
326,Cumi Saus Tiram,https://resepkoki.id/resep/resep-cumi-saus-tiram/,1113,No,,
327,Celimpungan,https://resepkoki.id/resep/resep-celimpungan/,1086,No,,
328,Cumi Telur Asin,https://resepkoki.id/resep/resep-cumi-telur-asin/,1087,No,,
329,Fish and Chips,https://resepkoki.id/resep/resep-fish-and-chips/,1308,No,,
330,Kepiting Saus Tiram,https://resepkoki.id/resep/resep-kepiting-saus-tiram/,1184,No,,
331,Kerang Hijau Saus Tiram Pedas,https://resepkoki.id/resep/resep-kerang-hijau-saus-tiram-pedas/,1591,No,,
332,Ikan Bandeng Acar Kuning,https://resepkoki.id/resep/resep-ikan-bandeng-acar-kuning/,1571,No,,
333,Gulai Kepala Ikan Kakap,https://resepkoki.id/resep/resep-gulai-kepala-ikan-kakap/,1895,No,,
334,Nasi Bakar Tuna Pedas,https://resepkoki.id/resep/resep-nasi-bakar-tuna-pedas/,1028,No,,
335,Cumi Asin Cabe Hijau,https://resepkoki.id/resep/resep-cumi-asin-cabe-hijau/,1182,No,,
336,Steak Ikan Dori Panggang Saus Lemon,https://resepkoki.id/resep/resep-steak-ikan-dori-panggang-saus-lemon/,1041,No,,
337,Asem Asem Bandeng,https://resepkoki.id/resep/resep-asem-asem-bandeng/,1608,No,,
338,Cumi Bakar Kecap,https://resepkoki.id/resep/resep-cumi-bakar-kecap/,1709,No,,
339,Ikan Nila Bakar,https://resepkoki.id/resep/resep-ikan-nila-bakar/,1047,No,,
340,Ikan Patin Bumbu Kuning,https://resepkoki.id/resep/resep-ikan-patin-bumbu-kuning/,1609,No,,
341,Udang Telur Asin,https://resepkoki.id/resep/resep-udang-telur-asin/,1572,No,,
342,Mangut Lele,https://resepkoki.id/resep/resep-mangut-lele/,1689,No,,
343,Sup Ikan Patin,https://resepkoki.id/resep/resep-sup-ikan-patin/,1702,No,,
344,Cumi Saus Padang,https://resepkoki.id/resep/resep-cumi-saus-padang/,1703,No,,
345,Fish Cake,https://resepkoki.id/resep/resep-fish-cake/,1356,No,,
346,Kepiting Lada Hitam,https://resepkoki.id/resep/resep-kepiting-lada-hitam/,1383,No,,
347,Kepiting Asam Manis,https://resepkoki.id/resep/resep-kepiting-asam-manis/,1385,No,,
348,Pindang Bandeng,https://resepkoki.id/resep/resep-pindang-bandeng/,1578,No,,
349,Ikan Tongkol Bumbu Sarden,https://resepkoki.id/resep/resep-ikan-tongkol-bumbu-sarden/,1594,No,,
350,Ikan Kembung Bakar Padang,https://resepkoki.id/resep/resep-ikan-kembung-bakar-padang/,1634,No,,
351,Kerang Saus Padang,https://resepkoki.id/resep/resep-kerang-saus-padang/,1550,No,,
352,Amplang Krupuk Ikan,https://resepkoki.id/resep/resep-amplang-krupuk-ikan/,1657,No,,
353,Sop Ikan Salmon,https://resepkoki.id/resep/resep-sop-ikan-salmon/,1434,No,,
354,Tumis Cumi Hitam,https://resepkoki.id/resep/resep-tumis-cumi-hitam/,1648,No,,
355,Pindang Patin,https://resepkoki.id/resep/resep-pindang-patin/,1864,No,,
356,Chawanmushi,https://resepkoki.id/resep/resep-chawanmushi/,1573,No,,
357,Pepes Telur Asin,https://resepkoki.id/resep/resep-pepes-telur-asin/,1171,No,,
358,Tahu Teriyaki,https://resepkoki.id/resep/resep-tahu-teriyaki/,1140,No,,
359,Kupat Tahu Magelang,https://resepkoki.id/resep/resep-kupat-tahu-magelang/,1088,No,,
360,Oncom Goreng,https://resepkoki.id/resep/resep-oncom-goreng/,1091,No,,
361,Keripik Tempe,https://resepkoki.id/resep/resep-keripik-tempe/,1775,No,,
362,Okonomiyaki,https://resepkoki.id/resep/resep-okonomiyaki/,1061,No,,
363,Keripik Tahu,https://resepkoki.id/resep/resep-keripik-tahu/,1780,No,,
364,Nasi Telur Pontianak,https://resepkoki.id/resep/resep-nasi-telur-pontianak/,1349,No,,
365,Tempe Teriyaki,https://resepkoki.id/resep/resep-tempe-teriyaki/,1284,No,,
366,Telur Gulung Sosis,https://resepkoki.id/resep/resep-telur-gulung-sosis/,1080,No,,
367,Omelet Mie,https://resepkoki.id/resep/resep-omelet-mie/,1352,Yes,Christina,
368,Tahu Petis,https://resepkoki.id/resep/resep-tahu-petis/,1676,No,,
369,Telur Balado,https://resepkoki.id/resep/resep-telur-balado/,1382,No,,
370,Sambal Tempe,https://resepkoki.id/resep/resep-sambal-tempe/,1380,No,,
371,Tahu Walik,https://resepkoki.id/resep/resep-tahu-walik/,1602,No,,
372,Tahu Cabe Garam,https://resepkoki.id/resep/resep-tahu-cabe-garam/,1669,No,,
373,Telur Petis,https://resepkoki.id/resep/resep-telur-petis/,1085,No,,
374,Orak Arik Telur Sayuran,https://resepkoki.id/resep/resep-orak-arik-telur-sayuran/,1444,Yes,Ling,
375,Perkedel Tempe,https://resepkoki.id/resep/resep-perkedel-tempe/,1023,No,,
376,Tahu Lontong,https://resepkoki.id/resep/resep-tahu-lontong/,1691,No,,
377,Pepes Telur Ikan,https://resepkoki.id/resep/resep-pepes-telur-ikan/,1426,No,,
378,Tahu Rambutan,https://resepkoki.id/resep/resep-tahu-rambutan/,1204,No,,
379,Omelet Telur,https://resepkoki.id/resep/resep-omelet-telur/,1770,No,,
380,Tahu Kukus,https://resepkoki.id/resep/resep-tahu-kukus/,1223,No,,
381,Bacem Tahu Tempe,https://resepkoki.id/resep/resep-bacem-tahu-tempe/,1267,No,,
382,Tahu Telur,https://resepkoki.id/resep/resep-tahu-telur/,1249,No,,
383,Telur Kecap,https://resepkoki.id/resep/resep-telur-kecap/,1428,No,,
384,Tahu Jeletot,https://resepkoki.id/resep/resep-tahu-jeletot/,1426,No,,
385,Pempek Dos (Tanpa Ikan),https://resepkoki.id/resep/resep-pempek-dos-tanpa-ikan/,1817,No,,
386,Telur Bumbu Bali,https://resepkoki.id/resep/resep-telur-bumbu-bali/,1299,Yes,Saras,
387,Sayur Tempe Tahu Cabe Hijau,https://resepkoki.id/resep/resep-sayur-tempe-tahu-cabe-hijau/,1637,Yes,Saras,
388,Tahu Putih Goreng Garing,https://resepkoki.id/resep/resep-tahu-putih-goreng-garing/,1181,No,,
389,Egg Roll Korea,https://resepkoki.id/resep/resep-egg-roll-korea/,1164,No,,
390,Sambal Tumpang,https://resepkoki.id/resep/resep-sambal-tumpang/,1173,No,,
391,Telur Puyuh Balado,https://resepkoki.id/resep/resep-telur-puyuh-balado/,1532,No,,
392,Tahu Gimbal Udang,https://resepkoki.id/resep/resep-tahu-gimbal-udang/,1625,No,,
393,Tahu Guling,https://resepkoki.id/resep/resep-tahu-guling/,1646,No,,
394,Fuyunghai,https://resepkoki.id/resep/resep-fuyunghai/,1429,Yes,Ara,
395,Tahu Bulat,https://resepkoki.id/resep/resep-tahu-bulat/,1752,No,,
396,Mun Tahu,https://resepkoki.id/resep/resep-mun-tahu/,1383,No,,
397,Tahu Isi,https://resepkoki.id/resep/resep-tahu-isi/,1499,No,,
398,Perkedel Tahu,https://resepkoki.id/resep/resep-perkedel-tahu/,1463,No,,
399,Tahu Tek Surabaya,https://resepkoki.id/resep/resep-tahu-tek-surabaya/,1488,No,,
400,Tahu Bakso,https://resepkoki.id/resep/resep-tahu-bakso/,1300,No,,
401,Martabak Tahu,https://resepkoki.id/resep/resep-martabak-tahu/,1614,No,,
402,Semur Telur Puyuh,https://resepkoki.id/resep/resep-semur-telur-puyuh/,1103,No,,
403,Tempe Mendoan Purwokerto,https://resepkoki.id/resep/resep-tempe-mendoan-purwokerto/,1637,No,,
404,Sapo Tahu,https://resepkoki.id/resep/resep-sapo-tahu/,1684,No,,
405,Tahu Gejrot,https://resepkoki.id/resep/resep-tahu-gejrot/,1672,No,,
406,Pepes Tahu,https://resepkoki.id/resep/resep-pepes-tahu/,2273,No,,
407,Telur Pindang,https://resepkoki.id/resep/resep-telur-pindang/,1703,No,,
408,Tempe Penyet,https://resepkoki.id/resep/resep-tempe-penyet/,1508,No,,
409,Tahu Sarang Burung,https://resepkoki.id/resep/resep-tahu-sarang-burung/,1511,No,,
410,Sate Telur Puyuh,https://resepkoki.id/resep/resep-sate-telur-puyuh/,1678,No,,
411,Tahu Aci Tegal,https://resepkoki.id/resep/resep-tahu-aci-tegal/,1710,No,,
412,Telur Dadar Padang,https://resepkoki.id/resep/resep-telur-dadar-padang/,1732,No,,
413,Nugget Tahu,https://resepkoki.id/resep/resep-nugget-tahu/,1774,No,,
414,Tahu Fantasi,https://resepkoki.id/resep/resep-tahu-fantasi/,1120,No,,
415,Rendang Telur,https://resepkoki.id/resep/resep-rendang-telur/,1638,No,,
416,Semur Telur,https://resepkoki.id/resep/resep-semur-telur/,1720,No,,
417,Tahu Bubuk,https://resepkoki.id/resep/resep-tahu-bubuk/,1536,No,,
418,Lontong Tahu Khas Blora,https://resepkoki.id/resep/resep-lontong-tahu-khas-blora/,1678,No,,
419,Oseng Tempe Cabe Ijo,https://resepkoki.id/resep/resep-oseng-tempe-cabe-ijo/,1081,No,,
420,Oseng Tempe Pare,https://resepkoki.id/resep/resep-oseng-tempe-pare/,1762,No,,
421,Tumis Pakis,https://resepkoki.id/resep/resep-tumis-pakis/,1105,No,,
422,Oseng Labu Siam,https://resepkoki.id/resep/resep-oseng-labu-siam/,1785,No,,
423,Oseng Tahu Tempe,https://resepkoki.id/resep/resep-oseng-tahu-tempe/,1787,No,,
424,Kimchi,https://resepkoki.id/resep/resep-kimchi/,1252,No,,
425,Oseng Pare Telur,https://resepkoki.id/resep/resep-oseng-pare-telur/,1042,No,,
426,Tumis Telur Tauge,https://resepkoki.id/resep/resep-tumis-telur-tauge/,1119,No,,
427,Pecel Madiun,https://resepkoki.id/resep/resep-pecel-madiun/,1079,No,,
428,Tumis Cuciwis Saus Tiram,https://resepkoki.id/resep/resep-tumis-cuciwis-saus-tiram/,1747,No,,
429,Nasi Tim Sayuran,https://resepkoki.id/resep/resep-nasi-tim-sayuran/,1122,No,,
430,Salad Sayur,https://resepkoki.id/resep/resep-salad-sayur/,1034,Yes,Christina,
431,Coleslaw,https://resepkoki.id/resep/resep-coleslaw/,1500,No,,
432,Tumis Lobak Putih,https://resepkoki.id/resep/resep-tumis-lobak-putih/,1754,No,,
433,Tumis Rebung,https://resepkoki.id/resep/resep-tumis-rebung/,1566,No,,
434,Oseng Tempe Toge,https://resepkoki.id/resep/resep-oseng-tempe-toge/,1734,No,,
435,Ratatouille,https://resepkoki.id/resep/resep-ratatouille/,1323,No,,
436,Semur Terong,https://resepkoki.id/resep/resep-semur-terong/,1162,No,,
437,Urap Bali,https://resepkoki.id/resep/resep-urap-bali/,1108,No,,
438,Capcay Goreng Jawa,https://resepkoki.id/resep/resep-capcay-goreng-jawa/,1349,No,,
439,Gado Gado Padang,https://resepkoki.id/resep/resep-gado-gado-padang/,1233,No,,
440,Nugget Sayur,https://resepkoki.id/resep/resep-nugget-sayur/,1357,Yes,Christina,
441,Asinan Betawi,https://resepkoki.id/resep/resep-asinan-betawi/,1330,No,,
442,Rendang Jamur,https://resepkoki.id/resep/resep-rendang-jamur/,1349,No,,
443,Tumis Brokoli Kembang Kol,https://resepkoki.id/resep/resep-tumis-brokoli-kembang-kol/,1382,No,,
444,Buntil Daun Pepaya,https://resepkoki.id/resep/resep-buntil-daun-pepaya/,1394,No,,
445,Sayur Asem Jawa Timur,https://resepkoki.id/resep/resep-sayur-asem-jawa-timur/,1544,No,,
446,Sayur Bening Sawi,https://resepkoki.id/resep/resep-sayur-bening-sawi/,1041,No,,
447,Sayur Pepaya Muda,https://resepkoki.id/resep/resep-sayur-pepaya-muda/,1189,No,,
448,Ote Ote,https://resepkoki.id/resep/resep-ote-ote/,1495,No,,
449,Beberuk Terong,https://resepkoki.id/resep/resep-beberuk-terong/,1536,No,,
450,Sayur Asem Jakarta,https://resepkoki.id/resep/resep-sayur-asem-jakarta/,1572,No,,
451,Lontong Sayur Betawi,https://resepkoki.id/resep/resep-lontong-sayur-betawi/,1616,No,,
452,Mashed Potato,https://resepkoki.id/resep/resep-mashed-potato/,1416,No,,
453,Sayur Nangka Kapau,https://resepkoki.id/resep/resep-sayur-nangka-kapau/,1371,No,,
454,Tumis Genjer,https://resepkoki.id/resep/resep-tumis-genjer/,1453,No,,
455,Tahu Tauco,https://resepkoki.id/resep/resep-tahu-tauco/,1406,No,,
456,Tempe Mendol,https://resepkoki.id/resep/resep-tempe-mendol/,1413,No,,
457,Perkedel Daging,https://resepkoki.id/resep/resep-perkedel-daging/,1429,No,,
458,Tempe Balado,https://resepkoki.id/resep/resep-tempe-balado/,1214,No,,
459,Tumis Bunga Pepaya,https://resepkoki.id/resep/resep-tumis-bunga-pepaya/,1170,No,,
460,Kangkung Belacan,https://resepkoki.id/resep/resep-kangkung-belacan/,1159,Yes,Ling,
461,Rolade Tahu Daun Singkong,https://resepkoki.id/resep/resep-rolade-tahu-daun-singkong/,1437,No,,
462,Kangkung Saus Tiram,https://resepkoki.id/resep/resep-kangkung-saus-tiram/,1564,No,,
463,Kangkung Tauco,https://resepkoki.id/resep/resep-kangkung-tauco/,1567,No,,
464,Tumis Pakcoy,https://resepkoki.id/resep/resep-tumis-pakcoy/,1670,No,,
465,Bakwan Tahu,https://resepkoki.id/resep/resep-bakwan-tahu/,1782,No,,
466,Gulai Pakis,https://resepkoki.id/resep/resep-gulai-pakis/,1649,No,,
467,Sayur Rebung Santan,https://resepkoki.id/resep/resep-sayur-rebung-santan/,1738,No,,
468,Brambang Asem,https://resepkoki.id/resep/resep-brambang-asem/,1063,No,,
469,Toge Goreng Bogor,https://resepkoki.id/resep/resep-toge-goreng-bogor/,1139,No,,
470,Kering Kentang Tempe Pedas,https://resepkoki.id/resep/resep-kering-kentang-tempe-pedas/,1709,No,,
471,Ketoprak,https://resepkoki.id/resep/resep-ketoprak/,1381,No,,
472,Bakwan Udang,https://resepkoki.id/resep/resep-bakwan-udang/,1387,No,,
473,Tumis Jamur,https://resepkoki.id/resep/resep-tumis-jamur/,1407,No,,
474,Kering Tempe (Orek Tempe),https://resepkoki.id/resep/resep-kering-tempe-orek-tempe/,1491,No,,
475,Tumis Capcay,https://resepkoki.id/resep/resep-tumis-capcay/,1785,No,,
476,Semur Jengkol Betawi,https://resepkoki.id/resep/resep-semur-jengkol-betawi/,1499,No,,
477,Onion Rings,https://resepkoki.id/resep/resep-onion-rings/,1450,No,,
478,Gudeg Asli Jogja Komplit (Gudeg Kering),https://resepkoki.id/resep/resep-gudeg-asli-jogja-komplit-gudeg-kering/,1594,No,,
479,Lontong Sayur Padang,https://resepkoki.id/resep/resep-lontong-sayur-padang/,1435,No,,
480,Plecing Kangkung,https://resepkoki.id/resep/resep-plecing-kangkung/,1707,No,,
481,Bakwan Dadar Jagung,https://resepkoki.id/resep/resep-bakwan-dadar-jagung/,1281,No,,
482,Gado Gado Betawi,https://resepkoki.id/resep/resep-gado-gado-betawi/,1418,No,,
483,Sayur Asem Sunda,https://resepkoki.id/resep/resep-sayur-asem-sunda/,1314,No,,
484,Bakwan Sayur (Bala Bala),https://resepkoki.id/resep/resep-bakwan-sayur-bala-bala/,1654,No,,
485,Perkedel Kentang,https://resepkoki.id/resep/resep-perkedel-kentang/,1476,No,,
486,Sayur Lodeh,https://resepkoki.id/resep/resep-sayur-lodeh/,1344,No,,
487,Pepes Jamur,https://resepkoki.id/resep/resep-pepes-jamur/,1340,No,,
488,Tumis Baby Kailan,https://resepkoki.id/resep/resep-tumis-baby-kailan/,1112,No,,
489,Urap Sayur,https://resepkoki.id/resep/resep-urap-sayur/,1729,No,,
490,Jamur Krispi,https://resepkoki.id/resep/resep-jamur-krispi/,1786,No,,
491,Tumis Oncom Leunca (Ulukutek Leunca),https://resepkoki.id/resep/resep-tumis-oncom-leunca-ulukutek-leunca/,1164,No,,
492,Tumis Labu Siam,https://resepkoki.id/resep/resep-tumis-labu-siam/,1589,No,,
493,Tumis Bokcoy,https://resepkoki.id/resep/resep-tumis-bokcoy/,1131,No,,
494,Sayur Asem Jawa Tengah,https://resepkoki.id/resep/resep-sayur-asem-jawa-tengah/,1459,No,,
495,Pecel Sayur,https://resepkoki.id/resep/resep-pecel-sayur/,1171,No,,
496,Karedok,https://resepkoki.id/resep/resep-karedok/,1294,No,,
497,Sayur Bobor Bayam,https://resepkoki.id/resep/resep-sayur-bobor-bayam/,1337,No,,
498,Tumis Buncis Udang,https://resepkoki.id/resep/resep-tumis-buncis-udang/,1578,No,,
499,Salad Buah (Fruit),https://resepkoki.id/resep/resep-salad-buah-fruit/,1690,No,,
500,Tumis Sawi Putih,https://resepkoki.id/resep/resep-tumis-sawi-putih/,1112,No,,
501,Semur Tahu,https://resepkoki.id/resep/resep-semur-tahu/,1164,No,,
502,Tumis Kangkung,https://resepkoki.id/resep/resep-tumis-kangkung/,2000,No,,
503,Terong Bakar,https://resepkoki.id/resep/resep-terong-bakar/,1083,No,,
504,Trancam,https://resepkoki.id/resep/resep-trancam/,1192,No,,
505,Tumis Jantung Pisang,https://resepkoki.id/resep/resep-tumis-jantung-pisang/,1283,No,,
506,Lodeh Terong Santan,https://resepkoki.id/resep/resep-lodeh-terong-santan/,1165,No,,
507,Botok,https://resepkoki.id/resep/resep-botok/,1291,No,,
508,Acar Timun,https://resepkoki.id/resep/resep-acar-timun/,1534,No,,
509,Tumis Pare,https://resepkoki.id/resep/resep-tumis-pare/,1266,No,,
510,Rendang Jengkol,https://resepkoki.id/resep/resep-rendang-jengkol/,1770,No,,
511,Jengkol Balado,https://resepkoki.id/resep/resep-jengkol-balado/,1652,No,,
512,Gulai Daun Singkong,https://resepkoki.id/resep/resep-gulai-daun-singkong/,2013,No,,
513,Rujak Es Krim,https://resepkoki.id/resep/resep-rujak-es-krim/,1570,No,,
514,Tumis Kembang Turi Teri,https://resepkoki.id/resep/resep-tumis-kembang-turi-teri/,1781,No,,
515,Sayur Bayam Bening,https://resepkoki.id/resep/resep-sayur-bayam-bening/,1677,No,,
516,Sayur Oyong Bening,https://resepkoki.id/resep/resep-sayur-oyong-bening/,1572,No,,
517,Burgo,https://resepkoki.id/resep/resep-burgo/,1598,No,,
518,Tumis Kacang Panjang,https://resepkoki.id/resep/resep-tumis-kacang-panjang/,1105,No,,
519,Tumis Tauge,https://resepkoki.id/resep/resep-tumis-tauge/,1554,No,,
520,Tumis Jamur Kancing,https://resepkoki.id/resep/resep-tumis-jamur-kancing/,1629,No,,
521,Sayur Katuk Kuah Santan,https://resepkoki.id/resep/resep-sayur-katuk-kuah-santan/,1529,No,,
522,Pecel Terong,https://resepkoki.id/resep/resep-pecel-terong/,1601,No,,
523,Jamur Enoki Krispi Goreng,https://resepkoki.id/resep/resep-jamur-enoki-krispi-goreng/,1394,No,,
524,Rujak Cingur,https://resepkoki.id/resep/resep-rujak-cingur/,1115,No,,
525,Sambal Tahu Goreng,https://resepkoki.id/resep/resep-sambal-tahu-goreng/,1072,No,,
526,Sambal Bada,https://resepkoki.id/resep/resep-sambal-bada/,1085,No,,
527,Sambal Dabu Dabu,https://resepkoki.id/resep/resep-sambal-dabu-dabu/,1384,No,,
528,Sambal Nanas,https://resepkoki.id/resep/resep-sambal-nanas/,1381,No,,
529,Sambal Lalapan,https://resepkoki.id/resep/resep-sambal-lalapan/,1156,No,,
530,Sambal Oncom,https://resepkoki.id/resep/resep-sambal-oncom/,1231,No,,
531,Sambal Belut,https://resepkoki.id/resep/resep-sambal-belut/,1601,No,,
532,Sambal Tuk Tuk,https://resepkoki.id/resep/resep-sambal-tuk-tuk/,1634,No,,
533,Sambal Korek,https://resepkoki.id/resep/resep-sambal-korek/,1136,No,,
534,Sambal Kecap,https://resepkoki.id/resep/resep-sambal-kecap/,1153,No,,
535,Sambal Soto,https://resepkoki.id/resep/resep-sambal-soto/,1113,No,,
536,Sambal Mangga Muda (Pencit),https://resepkoki.id/resep/resep-sambal-mangga-muda-pencit/,1156,No,,
537,Sambal Matah Kecombrang,https://resepkoki.id/resep/resep-sambal-matah-kecombrang/,1521,No,,
538,Sambal Petis,https://resepkoki.id/resep/resep-sambal-petis/,1109,No,,
539,Sambal Kemangi,https://resepkoki.id/resep/resep-sambal-kemangi/,1083,No,,
540,Sambal Pecel,https://resepkoki.id/resep/resep-sambal-pecel/,1150,No,,
541,Sambal Kencur,https://resepkoki.id/resep/resep-sambal-kencur/,1318,No,,
542,Sambal Bajak,https://resepkoki.id/resep/resep-sambal-bajak/,1552,No,,
543,Sambal Bawang,https://resepkoki.id/resep/resep-sambal-bawang/,1395,No,,
544,Sambal Terasi,https://resepkoki.id/resep/resep-sambal-terasi/,1387,No,,
545,Sambal Teri,https://resepkoki.id/resep/resep-sambal-teri/,1429,No,,
546,Sambal Ijo,https://resepkoki.id/resep/resep-sambal-ijo/,1772,No,,
547,Sambal Tomat,https://resepkoki.id/resep/resep-sambal-tomat/,1679,No,,
548,Balado Kentang,https://resepkoki.id/resep/resep-balado-kentang/,1415,No,,
549,Sambal Tempoyak Udang,https://resepkoki.id/resep/resep-sambal-tempoyak-udang/,1080,No,,
550,Sambal Pete,https://resepkoki.id/resep/resep-sambal-pete/,1719,No,,
551,Sambal Goang,https://resepkoki.id/resep/resep-sambal-goang/,1651,No,,
552,Sambal Cibiuk,https://resepkoki.id/resep/resep-sambal-cibiuk/,1116,No,,
553,Sambal Terong,https://resepkoki.id/resep/resep-sambal-terong/,1698,No,,
554,Nasi Tiwul,https://resepkoki.id/resep/resep-nasi-tiwul/,1088,No,,
555,Nasi Tomat,https://resepkoki.id/resep/resep-nasi-tomat/,1565,No,,
556,Spaghetti Brulee,https://resepkoki.id/resep/resep-spaghetti-brulee/,1024,No,,
557,Mie Sagu Kuah,https://resepkoki.id/resep/resep-mie-sagu-kuah/,1597,No,,
558,Nasi Goreng Shirataki,https://resepkoki.id/resep/resep-nasi-goreng-shirataki/,1305,No,,
559,Mie Goreng Basah,https://resepkoki.id/resep/resep-mie-goreng-basah/,1029,No,,
560,Cwie Mie Malang,https://resepkoki.id/resep/resep-cwie-mie-malang/,1666,No,,
561,Mie Kuah Ikan Bangka,https://resepkoki.id/resep/resep-mie-kuah-ikan-bangka/,1570,No,,
562,Nasi Gemuk,https://resepkoki.id/resep/resep-nasi-gemuk/,1363,No,,
563,Nasi Rames,https://resepkoki.id/resep/resep-nasi-rames/,1354,No,,
564,Mie Ayam Solo,https://resepkoki.id/resep/resep-mie-ayam-solo/,1355,No,,
565,Laksa Bogor,https://resepkoki.id/resep/resep-laksa-bogor/,1533,No,,
566,Risotto,https://resepkoki.id/resep/resep-risotto/,1586,No,,
567,Mie Goreng Nyemek,https://resepkoki.id/resep/resep-mie-goreng-nyemek/,1644,No,,
568,Bubur Korea (Dakjuk),https://resepkoki.id/resep/resep-bubur-korea-dakjuk/,1755,No,,
569,Ketupat,https://resepkoki.id/resep/resep-ketupat/,1763,No,,
570,Nasi Ayam Semarang,https://resepkoki.id/resep/resep-nasi-ayam-semarang/,1768,No,,
571,Beef Pho Vietnam,https://resepkoki.id/resep/resep-beef-pho-vietnam/,1512,No,,
572,Mie Tulang Bandung,https://resepkoki.id/resep/resep-mie-tulang-bandung/,1303,No,,
573,Loco Moco,https://resepkoki.id/resep/resep-loco-moco/,1370,No,,
574,Nasi Tim Bayi,https://resepkoki.id/resep/resep-nasi-tim-bayi/,1334,No,,
575,Nasi Goreng Nanas Khas Thailand,https://resepkoki.id/resep/resep-nasi-goreng-nanas-thailand/,1488,No,,
576,Nasi Telur Korea,https://resepkoki.id/resep/resep-nasi-telur-korea/,1359,No,,
577,Mie Tiaw Goreng Ayam,https://resepkoki.id/resep/resep-mie-tiaw-goreng-ayam/,1368,No,,
578,Indomie Goreng,https://resepkoki.id/resep/resep-indomie-goreng/,1315,No,,
579,Martabak Mie,https://resepkoki.id/resep/resep-martabak-mie/,1315,No,,
580,Jajangmyeon,https://resepkoki.id/resep/resep-jajangmyeon/,1488,No,,
581,Macaroni Cheese (Mac n cheese),https://resepkoki.id/resep/resep-macaroni-cheese/,1547,No,,
582,Nasi Padang,https://resepkoki.id/resep/resep-nasi-padang/,1555,No,,
583,Nasi Kapau,https://resepkoki.id/resep/resep-nasi-kapau/,1539,No,,
584,Mie Ayam Bangka,https://resepkoki.id/resep/resep-mie-ayam-bangka/,1569,No,,
585,Pad Thai,https://resepkoki.id/resep/resep-pad-thai/,1588,No,,
586,Mie Cakalang,https://resepkoki.id/resep/resep-mie-cakalang/,1600,No,,
587,Mie Kuah Susu,https://resepkoki.id/resep/resep-mie-kuah-susu/,1767,No,,
588,Spaghetti Rendang,https://resepkoki.id/resep/resep-spaghetti-rendang/,1082,No,,
589,Mie Tarempa,https://resepkoki.id/resep/resep-mie-tarempa/,1095,No,,
590,Mie Aceh Kuah,https://resepkoki.id/resep/resep-mie-aceh-kuah/,1098,No,,
591,Nasi Goreng Tek Tek,https://resepkoki.id/resep/resep-nasi-goreng-tek-tek/,1298,No,,
592,Bubur Ayam Cirebon,https://resepkoki.id/resep/resep-bubur-ayam-cirebon/,1580,No,,
593,Spaghetti Seafood Marinara,https://resepkoki.id/resep/resep-spaghetti-seafood-marinara/,1303,No,,
594,Nasi Bakar Bandung Sunda,https://resepkoki.id/resep/resep-nasi-bakar-bandung-sunda/,1038,No,,
595,Cireng Nasi,https://resepkoki.id/resep/resep-cireng-nasi/,1072,No,,
596,Mie Setan,https://resepkoki.id/resep/resep-mie-setan/,1482,No,,
597,Nasi Campur Bali,https://resepkoki.id/resep/resep-nasi-campur-bali/,1222,No,,
598,Sate Kribo,https://resepkoki.id/resep/resep-sate-kribo/,1109,No,,
599,Nasi Bakar Ikan Tongkol,https://resepkoki.id/resep/resep-nasi-bakar-ikan-tongkol/,1231,No,,
600,Ramen,https://resepkoki.id/resep/resep-ramen/,1115,No,,
601,Bubur Ayam Cianjur,https://resepkoki.id/resep/resep-bubur-ayam-cianjur/,1102,No,,
602,Mie Korea Ramyeon,https://resepkoki.id/resep/resep-mie-korea-ramyeon/,1310,No,,
603,Mie Gomak Goreng,https://resepkoki.id/resep/resep-mie-gomak-goreng/,1796,No,,
604,Nasi Megono,https://resepkoki.id/resep/resep-nasi-megono/,1148,No,,
605,Ayam Hainan,https://resepkoki.id/resep/resep-ayam-hainan/,1196,No,,
606,Nasi Kebuli Ayam,https://resepkoki.id/resep/resep-nasi-kebuli-ayam/,1324,No,,
607,Kwetiau Siram,https://resepkoki.id/resep/resep-kwetiau-siram/,1392,No,,
608,Bakwan Mie,https://resepkoki.id/resep/resep-bakwan-mie/,1414,No,,
609,Baked Rice (Nasi Panggang),https://resepkoki.id/resep/resep-baked-rice-nasi-panggang/,1552,No,,
610,Mie Ongklok,https://resepkoki.id/resep/resep-mie-ongklok/,1050,No,,
611,Mie Pangsit,https://resepkoki.id/resep/resep-mie-pangsit/,1176,No,,
612,Nasi Lengko,https://resepkoki.id/resep/resep-nasi-lengko/,1087,No,,
613,Nasi Ulam,https://resepkoki.id/resep/resep-nasi-ulam/,1077,No,,
614,Nasi Godog Khas Magelang,https://resepkoki.id/resep/resep-nasi-godog-khas-magelang/,1151,No,,
615,Laksa Mie,https://resepkoki.id/resep/resep-laksa-mie/,1519,No,,
616,Papeda,https://resepkoki.id/resep/resep-papeda/,1869,No,,
617,Nasi Tempong,https://resepkoki.id/resep/resep-nasi-tempong/,1734,No,,
618,Mie Lidi Goreng,https://resepkoki.id/resep/resep-mie-lidi-goreng/,1597,No,,
619,Nasi Goreng Magelangan,https://resepkoki.id/resep/resep-nasi-goreng-magelangan/,1468,No,,
620,Nasi Goreng Rendang,https://resepkoki.id/resep/resep-nasi-goreng-rendang/,1584,No,,
621,Lontong Balap,https://resepkoki.id/resep/resep-lontong-balap/,1094,No,,
622,Mie Goreng Seafood,https://resepkoki.id/resep/resep-mie-goreng-seafood/,1634,No,,
623,Pangsit Goreng,https://resepkoki.id/resep/resep-pangsit-goreng/,1166,No,,
624,Ifumie,https://resepkoki.id/resep/resep-ifumie/,1641,No,,
625,Nasi Bakar Ati Ampela,https://resepkoki.id/resep/resep-nasi-bakar-ati-ampela/,1675,No,,
626,Nasi Goreng Telur,https://resepkoki.id/resep/resep-nasi-goreng-telur/,1601,No,,
627,Misoa Kuah,https://resepkoki.id/resep/resep-misoa-kuah/,1096,No,,
628,Mie Yamin Bandung,https://resepkoki.id/resep/resep-mie-yamin-bandung/,1357,No,,
629,Soun Kuah,https://resepkoki.id/resep/resep-soun-kuah/,1115,No,,
630,Bihun Kuah,https://resepkoki.id/resep/resep-bihun-kuah/,1214,No,,
631,Bubur Ayam,https://resepkoki.id/resep/resep-bubur-ayam/,1688,No,,
632,Mie Shirataki Goreng,https://resepkoki.id/resep/resep-mie-shirataki-goreng/,1286,No,,
633,Nasi Tutug Oncom,https://resepkoki.id/resep/resep-nasi-tutug-oncom/,1372,No,,
634,Bibimbap,https://resepkoki.id/resep/resep-bibimbap/,1417,No,,
635,Mie Titi,https://resepkoki.id/resep/resep-mie-titi/,1422,No,,
636,Mie Ayam Jamur,https://resepkoki.id/resep/resep-mie-ayam-jamur/,1435,No,,
637,Nasi Goreng Merah,https://resepkoki.id/resep/resep-nasi-goreng-merah/,1440,No,,
638,Bakmoy,https://resepkoki.id/resep/resep-bakmoy/,1626,No,,
639,Mie Celor,https://resepkoki.id/resep/resep-mie-celor/,1608,No,,
640,Soun Goreng,https://resepkoki.id/resep/resep-soun-goreng/,1137,No,,
641,Spaghetti Carbonara,https://resepkoki.id/resep/resep-spaghetti-carbonara/,1394,No,,
642,Fettucini Carbonara,https://resepkoki.id/resep/resep-fettucini-carbonara/,1437,No,,
643,Bihun Goreng Isi Special,https://resepkoki.id/resep/resep-bihun-goreng-isi-special/,1427,No,,
644,Nasi Bakar Teri (Sambel Teri Cabai Hijau),https://resepkoki.id/resep/resep-nasi-bakar-teri-sambel-teri-cabai-hijau/,1553,No,,
645,Spaghetti Bolognese Meatballs (Bola-bola Daging),https://resepkoki.id/resep/resep-spaghetti-bolognese-meatballs-bola-bola-daging/,1542,No,,
646,Kentang Goreng (French Fries & Potato Wedges),https://resepkoki.id/resep/resep-kentang-goreng-french-fries-potato-wedges/,1415,No,,
647,Nasi Goreng Kikil Cabe Hijau,https://resepkoki.id/resep/resep-nasi-goreng-kikil-cabe-hijau/,1527,No,,
648,Nasi Goreng Terasi (Belacan),https://resepkoki.id/resep/resep-nasi-goreng-terasi-belacan/,1542,No,,
649,Nasi Goreng Gila,https://resepkoki.id/resep/resep-nasi-goreng-gila/,1604,No,,
650,Kari Bihun Medan,https://resepkoki.id/resep/resep-kari-bihun-medan/,1577,No,,
651,Nasi Bakar Cumi (Sambalado Cumi),https://resepkoki.id/resep/resep-nasi-bakar-cumi-sambalado-cumi/,1566,No,,
652,Bread Pudding (Puding Roti Tawar),https://resepkoki.id/resep/resep-bread-pudding-puding-roti-tawar/,1578,No,,
653,Nasi Goreng Sapi,https://resepkoki.id/resep/resep-nasi-goreng-sapi/,1593,No,,
654,Nasi Goreng Seafood,https://resepkoki.id/resep/resep-nasi-goreng-seafood/,1587,No,,
655,Pastel Tutup Klasik,https://resepkoki.id/resep/resep-pastel-tutup-klasik/,1599,No,,
656,Nasi Goreng Kambing,https://resepkoki.id/resep/resep-nasi-goreng-kambing/,1635,No,,
657,Nasi Goreng Kampung,https://resepkoki.id/resep/resep-nasi-goreng-kampung/,1720,No,,
658,Nasi Goreng Oriental,https://resepkoki.id/resep/resep-nasi-goreng-oriental/,1074,No,,
659,Nasi Goreng Aceh,https://resepkoki.id/resep/resep-nasi-goreng-aceh/,1048,No,,
660,Nasi Bakar Ayam Suwir,https://resepkoki.id/resep/resep-nasi-bakar-ayam-suwir/,1667,No,,
661,Nasi Goreng Kuning Kunyit,https://resepkoki.id/resep/resep-nasi-goreng-kuning-kunyit/,1379,No,,
662,Nasi Goreng Pete,https://resepkoki.id/resep/resep-nasi-goreng-pete/,1326,No,,
663,Mie Goreng Jawa,https://resepkoki.id/resep/resep-mie-goreng-jawa/,1453,No,,
664,Mie Godog Jawa (Mie Rebus Jawa),https://resepkoki.id/resep/resep-mie-godog-jawa-mie-rebus-jawa/,1354,No,,
665,Nasi Uduk Betawi Komplit,https://resepkoki.id/resep/resep-nasi-uduk-betawi-komplit/,1272,No,,
666,Nasi Liwet Sunda Teri,https://resepkoki.id/resep/resep-nasi-liwet-sunda-teri/,2019,No,,
667,Nasi Timbel Komplit,https://resepkoki.id/resep/resep-nasi-timbel-komplit/,1150,No,,
668,Donat Mie,https://resepkoki.id/resep/resep-donat-mie/,1135,No,,
669,Nasi Kuning Komplit,https://resepkoki.id/resep/resep-nasi-kuning-komplit/,1192,No,,
670,Nasi Lemak Lengkap,https://resepkoki.id/resep/resep-nasi-lemak-lengkap/,1389,No,,
671,Tinutuan,https://resepkoki.id/resep/resep-tinutuan/,1069,No,,
672,Rice Ball Minion,https://resepkoki.id/resep/resep-rice-ball-minion/,1253,No,,
673,Nasi Krawu,https://resepkoki.id/resep/resep-nasi-krawu/,1270,No,,
674,Mie Kocok Bandung,https://resepkoki.id/resep/resep-mie-kocok-bandung/,1306,No,,
675,Macaroni Schotel,https://resepkoki.id/resep/resep-macaroni-schotel/,1471,No,,
676,Kwetiau Kuah,https://resepkoki.id/resep/resep-kwetiau-kuah/,1697,No,,
677,Nasi Goreng Teri,https://resepkoki.id/resep/resep-nasi-goreng-teri/,1422,No,,
678,Nasi Goreng Padang,https://resepkoki.id/resep/resep-nasi-goreng-padang/,1403,No,,
679,Lasagna Panggang,https://resepkoki.id/resep/resep-lasagna-panggang/,1646,No,,
680,Makaroni Goreng,https://resepkoki.id/resep/resep-makaroni-goreng/,1931,No,,
681,Spaghetti Aglio Olio,https://resepkoki.id/resep/resep-spaghetti-aglio-olio/,1401,No,,
682,Nasi Goreng Jawa,https://resepkoki.id/resep/resep-nasi-goreng-jawa/,1407,No,,
683,Makaroni Keju Kukus,https://resepkoki.id/resep/resep-makaroni-keju-kukus/,1520,No,,
684,Japchae,https://resepkoki.id/resep/resep-japchae/,1456,No,,
685,Nasi Kebuli Kambing,https://resepkoki.id/resep/resep-nasi-kebuli-kambing/,1444,No,,
686,Nasi Tim Ayam,https://resepkoki.id/resep/resep-nasi-tim-ayam/,1531,No,,
687,Mie Goreng Aceh,https://resepkoki.id/resep/resep-mie-goreng-aceh/,1164,No,,
688,Mie Sayur Hijau Bayam,https://resepkoki.id/resep/resep-mie-sayur-hijau-bayam/,1534,No,,
689,Sundubu Jjigae,https://resepkoki.id/resep/resep-sundubu-jjigae/,1591,No,,
690,Bakso Mercon,https://resepkoki.id/resep/resep-bakso-mercon/,1256,No,,
691,Bakso Bakar Pedas Manis,https://resepkoki.id/resep/resep-bakso-bakar-pedas-manis/,1132,No,,
692,Tom Yam Ayam,https://resepkoki.id/resep/resep-tom-yam-ayam/,1105,No,,
693,Sup Merah,https://resepkoki.id/resep/resep-sup-merah/,1048,No,,
694,Bakso Bakar Sapi,https://resepkoki.id/resep/resep-bakso-bakar-sapi/,1092,No,,
695,Sup Jagung Kepiting,https://resepkoki.id/resep/resep-sup-jagung-kepiting/,1139,No,,
696,Soto Pacitan,https://resepkoki.id/resep/resep-soto-pacitan/,1579,No,,
697,Bakso Urat,https://resepkoki.id/resep/resep-bakso-urat/,1548,No,,
698,Soto Sulung,https://resepkoki.id/resep/resep-soto-sulung/,1533,No,,
699,Sop Ayam Suwir,https://resepkoki.id/resep/resep-sop-ayam-suwir/,1588,No,,
700,Soto Kuah,https://resepkoki.id/resep/resep-soto-kuah/,1617,No,,
701,Soto Daging Sapi Madura,https://resepkoki.id/resep/resep-soto-daging-sapi-madura/,1471,No,,
702,Miso Soup,https://resepkoki.id/resep/resep-miso-soup/,1059,No,,
703,Sup Ikan Gabus,https://resepkoki.id/resep/resep-sup-ikan-gabus/,1584,No,,
704,Bakso Lo Hoa,https://resepkoki.id/resep/resep-bakso-lo-hoa/,1179,No,,
705,Sup Makaroni,https://resepkoki.id/resep/resep-sup-makaroni/,1175,No,,
706,Sayur Sop Ayam,https://resepkoki.id/resep/resep-sayur-sop-ayam/,1715,No,,
707,Cream Soup Ayam,https://resepkoki.id/resep/resep-cream-soup-ayam/,1169,No,,
708,Sop Ikan Nila Batam,https://resepkoki.id/resep/resep-sop-ikan-nila-batam/,1064,No,,
709,Bakso Malang,https://resepkoki.id/resep/resep-bakso-malang/,1217,No,,
710,Soto Ceker,https://resepkoki.id/resep/resep-soto-ceker/,1406,No,,
711,Soto Bening,https://resepkoki.id/resep/resep-soto-bening/,1550,No,,
712,Tauto Pekalongan,https://resepkoki.id/resep/resep-tauto-pekalongan/,1472,No,,
713,Soto Kuning Bogor,https://resepkoki.id/resep/resep-soto-kuning-bogor/,1678,No,,
714,Bakso Sapi (Pentol Daging Asli),https://resepkoki.id/resep/resep-bakso-sapi-pentol-daging-asli/,1713,No,,
715,Soto Babat,https://resepkoki.id/resep/resep-soto-babat/,1152,No,,
716,Soto Tangkar,https://resepkoki.id/resep/resep-soto-tangkar/,1109,No,,
717,Soto Ambengan,https://resepkoki.id/resep/resep-soto-ambengan/,1073,No,,
718,Shabu Shabu,https://resepkoki.id/resep/resep-shabu-shabu/,1079,No,,
719,Bakso Solo,https://resepkoki.id/resep/resep-bakso-solo/,1143,No,,
720,Soto Padang,https://resepkoki.id/resep/resep-soto-padang/,1432,No,,
721,Sop Bakso,https://resepkoki.id/resep/resep-sop-bakso/,1213,No,,
722,Soto Kudus,https://resepkoki.id/resep/resep-soto-kudus/,1335,No,,
723,Soto Ayam Santan Medan,https://resepkoki.id/resep/resep-soto-ayam-santan-medan/,1406,No,,
724,Sup Ikan Gurame,https://resepkoki.id/resep/resep-sup-ikan-gurame/,1174,No,,
725,Soto Mie Bogor,https://resepkoki.id/resep/resep-soto-mie-bogor/,1437,No,,
726,Sup Ikan Kakap,https://resepkoki.id/resep/resep-sup-ikan-kakap/,1435,No,,
727,Tom Yam Seafood Udang Ikan,https://resepkoki.id/resep/resep-tom-yam-seafood-udang-ikan/,1342,No,,
728,Seblak Basah Bandung,https://resepkoki.id/resep/resep-seblak-basah-bandung/,1499,No,,
729,Coto Makassar,https://resepkoki.id/resep/resep-coto-makassar/,1192,No,,
730,Soto Ayam Kuning Lamongan,https://resepkoki.id/resep/resep-soto-ayam-kuning-lamongan/,1195,No,,
731,Sop Kimlo,https://resepkoki.id/resep/resep-sop-kimlo/,1279,No,,
732,Soto Betawi,https://resepkoki.id/resep/resep-soto-betawi/,1546,No,,
733,Sop Konro,https://resepkoki.id/resep/resep-sop-konro/,1332,No,,
734,Tekwan,https://resepkoki.id/resep/resep-tekwan/,1298,No,,
735,Soto Banjar,https://resepkoki.id/resep/resep-soto-banjar/,1349,No,,
736,Sop Buntut,https://resepkoki.id/resep/resep-sop-buntut/,1357,No,,
737,Sup Kacang Merah Daging Sapi,https://resepkoki.id/resep/resep-sup-kacang-merah-daging-sapi/,1394,No,,
738,Sop Iga Sapi,https://resepkoki.id/resep/resep-sop-iga-sapi/,1614,No,,
739,Sop Manten,https://resepkoki.id/resep/resep-sop-manten/,1157,No,,
740,Bubur (Jenang) Jagung,https://resepkoki.id/resep/resep-bubur-jenang-jagung/,1292,No,,
741,Sop Ayam Kampung,https://resepkoki.id/resep/resep-sop-ayam-kampung/,1620,No,,
742,Sop Kambing,https://resepkoki.id/resep/resep-sop-kambing/,1815,No,,
743,Bakso Goreng (Basreng),https://resepkoki.id/resep/resep-bakso-goreng-basreng/,1078,No,,
744,Sop Sayur,https://resepkoki.id/resep/resep-sop-sayur/,1692,No,,
745,Sup Tahu,https://resepkoki.id/resep/resep-sup-tahu/,1671,No,,
746,Sup Jagung,https://resepkoki.id/resep/resep-sup-jagung/,1786,No,,
747,Zuppa Soup,https://resepkoki.id/resep/resep-zuppa-soup/,1365,No,,
748,Sup Udang,https://resepkoki.id/resep/resep-sup-udang/,1371,No,,
749,Sup Asparagus Krim Ayam,https://resepkoki.id/resep/resep-sup-asparagus-krim-ayam/,1504,No,,
750,Bakso Cuanki Udang,https://resepkoki.id/resep/resep-bakso-cuanki-udang/,1533,No,,
751,Bakso Aci,https://resepkoki.id/resep/resep-bakso-aci/,1611,No,,
752,Bubur Kacang Hijau Madura,https://resepkoki.id/resep/resep-bubur-kacang-hijau-madura/,1605,No,,
753,Sop Ubi,https://resepkoki.id/resep/resep-sop-ubi/,1679,No,,
754,Sup Jamur Kancing,https://resepkoki.id/resep/resep-sup-jamur-kancing/,1399,No,,
755,Sroto Banyumas,https://resepkoki.id/resep/resep-sroto-banyumas/,1723,No,,
756,Soto Bandung,https://resepkoki.id/resep/resep-soto-bandung/,1712,No,,
757,Lapis India Khas Banjar,https://resepkoki.id/resep/resep-lapis-india-khas-banjar/,1641,No,,
758,Roti Ubi Korea,https://resepkoki.id/resep/resep-roti-ubi-korea/,1251,No,,
759,Croffle,https://resepkoki.id/resep/resep-croffle/,1570,No,,
760,Nastar Gulung,https://resepkoki.id/resep/resep-nastar-gulung/,1386,No,,
761,Donat Crispy,https://resepkoki.id/resep/resep-donat-crispy/,1276,No,,
762,Kue Baruasa,https://resepkoki.id/resep/resep-kue-baruasa/,1681,No,,
763,Kue Janda Genit,https://resepkoki.id/resep/resep-kue-janda-genit/,1031,No,,
764,Marshmallow Cookies,https://resepkoki.id/resep/resep-marshmallow-cookies/,1535,No,,
765,Popcorn Caramel,https://resepkoki.id/resep/resep-popcorn-caramel/,1306,No,,
766,Baguette,https://resepkoki.id/resep/resep-baguette/,1753,No,,
767,Banoffee Pie,https://resepkoki.id/resep/resep-banoffee-pie/,1749,No,,
768,Cornflake Cookies,https://resepkoki.id/resep/resep-cornflake-cookies/,1368,No,,
769,Egg Benedict,https://resepkoki.id/resep/resep-egg-benedict/,1574,No,,
770,Bolu Meranti Keju,https://resepkoki.id/resep/resep-bolu-meranti-keju/,1145,No,,
771,Peanut Butter Cookies,https://resepkoki.id/resep/resep-peanut-butter-cookies/,1386,No,,
772,Kue Dange,https://resepkoki.id/resep/resep-kue-dange/,1035,No,,
773,Sandwich Buah,https://resepkoki.id/resep/resep-sandwich-buah/,1543,No,,
774,Meringue Cookies,https://resepkoki.id/resep/resep-meringue-cookies/,1091,No,,
775,Kue Lapis Pepe Pandan,https://resepkoki.id/resep/resep-kue-lapis-pepe-pandan/,1607,No,,
776,Pizza Sosis Ayam,https://resepkoki.id/resep/resep-pizza-sosis-ayam/,1078,No,,
777,Bomboloni,https://resepkoki.id/resep/resep-bomboloni/,1593,No,,
778,Pizza Dough,https://resepkoki.id/resep/resep-pizza-dough/,1085,No,,
779,Takoyaki,https://resepkoki.id/resep/resep-takoyaki/,1187,No,,
780,Kue Beng Beng,https://resepkoki.id/resep/resep-kue-beng-beng/,1180,No,,
781,Pizza Mozzarella Jamur,https://resepkoki.id/resep/resep-pizza-mozzarella-jamur/,1249,No,,
782,Sandwich Homemade,https://resepkoki.id/resep/resep-sandwich-homemade/,1102,No,,
783,Setup Roti Tawar,https://resepkoki.id/resep/resep-setup-roti-tawar/,1143,No,,
784,Long Potato,https://resepkoki.id/resep/resep-long-potato/,1237,No,,
785,Pizza Tuna,https://resepkoki.id/resep/resep-pizza-tuna/,1073,No,,
786,Selai Srikaya,https://resepkoki.id/resep/resep-selai-srikaya/,1081,No,,
787,Bolu Mentega,https://resepkoki.id/resep/resep-bolu-mentega/,2067,No,,
788,Pizza Goreng Lipat,https://resepkoki.id/resep/resep-pizza-goreng-lipat/,1095,No,,
789,Pizza Mini,https://resepkoki.id/resep/resep-pizza-mini/,1211,No,,
790,Pizza Seafood,https://resepkoki.id/resep/resep-pizza-seafood/,1104,No,,
791,Pizza Daging Sapi,https://resepkoki.id/resep/resep-pizza-daging-sapi/,1115,No,,
792,Korean Garlic Bread,https://resepkoki.id/resep/resep-korean-garlic-bread/,1334,No,,
793,Kue Lapis Legit,https://resepkoki.id/resep/resep-kue-lapis-legit/,1669,No,,
794,Donat Singkong,https://resepkoki.id/resep/resep-donat-singkong/,1547,No,,
795,Cream Cheese,https://resepkoki.id/resep/resep-cream-cheese/,1597,No,,
796,Lekker Holland,https://resepkoki.id/resep/resep-lekker-holland/,1566,No,,
797,Pia Pia,https://resepkoki.id/resep/resep-pia-pia/,1530,No,,
798,Kue Cincin,https://resepkoki.id/resep/resep-kue-cincin/,1563,No,,
799,Bagel,https://resepkoki.id/resep/resep-bagel/,1568,No,,
800,Bolu Kukus Ubi,https://resepkoki.id/resep/resep-bolu-kukus-ubi/,1637,No,,
801,Odading,https://resepkoki.id/resep/resep-odading/,1692,No,,
802,Putri Mandi,https://resepkoki.id/resep/resep-putri-mandi/,1798,No,,
803,Keju Mozarella,https://resepkoki.id/resep/resep-keju-mozarella/,1687,No,,
804,Stik Keju Mozarella,https://resepkoki.id/resep/resep-stik-keju-mozarella/,1712,No,,
805,Kue Balok,https://resepkoki.id/resep/resep-kue-balok/,1195,No,,
806,Apem Kukus Gula Merah,https://resepkoki.id/resep/resep-apem-kukus-gula-merah/,1916,No,,
807,Kue Ogura Pandan,https://resepkoki.id/resep/resep-kue-ogura-pandan/,1091,No,,
808,Apem Selong,https://resepkoki.id/resep/resep-apem-selong/,1366,No,,
809,Selai Stroberi,https://resepkoki.id/resep/resep-selai-stroberi/,1362,No,,
810,Rainbow Cake Kukus,https://resepkoki.id/resep/resep-rainbow-cake-kukus/,1289,No,,
811,Puff Pastry,https://resepkoki.id/resep/resep-puff-pastry/,1167,No,,
812,Killer Soft Bread,https://resepkoki.id/resep/resep-killer-soft-bread/,1137,No,,
813,Strudel Keju,https://resepkoki.id/resep/resep-strudel-keju/,1127,No,,
814,Apple Strudel,https://resepkoki.id/resep/resep-apple-strudel/,1128,No,,
815,Donat Ubi Ungu,https://resepkoki.id/resep/resep-donat-ubi-ungu/,1136,No,,
816,Butter Cookies,https://resepkoki.id/resep/resep-butter-cookies/,1179,No,,
817,Pop Cake,https://resepkoki.id/resep/resep-pop-cake/,1180,No,,
818,Swiss Roll,https://resepkoki.id/resep/resep-swiss-roll/,1160,No,,
819,Bolu Kismis,https://resepkoki.id/resep/resep-bolu-kismis/,1177,No,,
820,Bingka Barandam,https://resepkoki.id/resep/resep-bingka-barandam/,1184,No,,
821,Cake Kurma,https://resepkoki.id/resep/resep-cake-kurma/,1179,No,,
822,Fruit Cake,https://resepkoki.id/resep/resep-fruit-cake/,1189,No,,
823,Bingka Pisang,https://resepkoki.id/resep/resep-bingka-pisang/,1176,No,,
824,Tokyo Banana,https://resepkoki.id/resep/resep-tokyo-banana/,1139,No,,
825,Kue Bagea Sagu,https://resepkoki.id/resep/resep-kue-bagea-sagu/,1513,No,,
826,Dessert Oreo Box,https://resepkoki.id/resep/resep-dessert-oreo-box/,1998,No,,
827,Dessert Box Coklat,https://resepkoki.id/resep/resep-dessert-box-coklat/,1895,No,,
828,Roti John,https://resepkoki.id/resep/resep-roti-john/,1515,No,,
829,Pretzel,https://resepkoki.id/resep/resep-pretzel/,1053,No,,
830,Roti Unyil,https://resepkoki.id/resep/resep-roti-unyil/,1161,No,,
831,Kemplang,https://resepkoki.id/resep/resep-kemplang/,1207,No,,
832,Kue Akar Kelapa,https://resepkoki.id/resep/resep-kue-akar-kelapa/,1393,No,,
833,Kue Keciput,https://resepkoki.id/resep/resep-kue-keciput/,1333,No,,
834,Red Velvet,https://resepkoki.id/resep/resep-red-velvet/,1212,No,,
835,Kue Talam Labu Kuning,https://resepkoki.id/resep/resep-kue-talam-labu-kuning/,1393,No,,
836,Kue Semprit Jadul,https://resepkoki.id/resep/resep-kue-semprit-jadul/,1430,No,,
837,French Toast,https://resepkoki.id/resep/resep-french-toast/,1380,No,,
838,Ogura Cake Zebra,https://resepkoki.id/resep/resep-ogura-cake-zebra/,1320,No,,
839,Nugget Pisang,https://resepkoki.id/resep/resep-nugget-pisang/,1368,No,,
840,Lemon Cake,https://resepkoki.id/resep/resep-lemon-cake/,1358,No,,
841,Cheese Tart,https://resepkoki.id/resep/resep-cheese-tart/,1366,No,,
842,Kue Kering Coklat,https://resepkoki.id/resep/resep-kue-kering-coklat/,1858,No,,
843,Kue Sagon,https://resepkoki.id/resep/resep-kue-sagon/,1438,No,,
844,Kue Tambang,https://resepkoki.id/resep/resep-kue-tambang/,1443,No,,
845,Donat Pisang,https://resepkoki.id/resep/resep-donat-pisang/,1712,No,,
846,Roti Maryam,https://resepkoki.id/resep/resep-roti-maryam/,1099,No,,
847,Crepes Pisang Coklat Keju,https://resepkoki.id/resep/resep-crepes-pisang-coklat-keju/,1069,No,,
848,Onigiri,https://resepkoki.id/resep/resep-onigiri/,1200,No,,
849,Lempeng Pisang,https://resepkoki.id/resep/resep-lempeng-pisang/,1571,No,,
850,Bolu Zebra,https://resepkoki.id/resep/resep-bolu-zebra/,1626,No,,
851,Kue Talam Jagung,https://resepkoki.id/resep/resep-kue-talam-jagung/,1729,No,,
852,Kue Bugis,https://resepkoki.id/resep/resep-kue-bugis/,1683,No,,
853,Churros,https://resepkoki.id/resep/resep-churros/,1616,No,,
854,Dorayaki Isi Coklat,https://resepkoki.id/resep/resep-dorayaki-isi-coklat/,1704,No,,
855,Bolu Minyak,https://resepkoki.id/resep/resep-bolu-minyak/,1638,No,,
856,Bola Bola Ubi,https://resepkoki.id/resep/resep-bola-bola-ubi/,1725,No,,
857,Kastengel Keju,https://resepkoki.id/resep/resep-kastengel-keju/,1891,No,,
858,Muffin Pisang,https://resepkoki.id/resep/resep-muffin-pisang/,1667,No,,
859,Cupcake Coklat dan Lemon,https://resepkoki.id/resep/resep-cupcake-coklat-dan-lemon/,1701,No,,
860,Martabak Bangka Manis,https://resepkoki.id/resep/resep-martabak-bangka-manis/,1152,No,,
861,Croissant,https://resepkoki.id/resep/resep-croissant/,1146,No,,
862,Milk Bath Cake (Tres Leches),https://resepkoki.id/resep/resep-milk-bath-cake-tres-leches/,1104,No,,
863,Japanese Cheese Cake,https://resepkoki.id/resep/resep-japanese-cheese-cake/,1178,No,,
864,Ketan Serundeng,https://resepkoki.id/resep/resep-ketan-serundeng/,1158,No,,
865,Bolu Ketan Hitam,https://resepkoki.id/resep/resep-bolu-ketan-hitam/,1233,No,,
866,Roti Bluder,https://resepkoki.id/resep/resep-roti-bluder/,1140,No,,
867,Kue Talam Pisang,https://resepkoki.id/resep/resep-kue-talam-pisang/,1230,No,,
868,Batagor Bandung,https://resepkoki.id/resep/resep-batagor-bandung/,1685,No,,
869,Kuping Gajah,https://resepkoki.id/resep/resep-kuping-gajah/,1699,No,,
870,Ketan Sarikaya,https://resepkoki.id/resep/resep-ketan-sarikaya/,1421,No,,
871,Roti Tawar Goreng Isi Ragout,https://resepkoki.id/resep/resep-roti-tawar-goreng-isi-ragout/,1479,No,,
872,Lidah Kucing,https://resepkoki.id/resep/resep-lidah-kucing/,1593,No,,
873,Es Pisang Ijo,https://resepkoki.id/resep/resep-es-pisang-ijo/,1409,No,,
874,Karipap (Curry Puff),https://resepkoki.id/resep/resep-karipap-curry-puff/,1186,No,,
875,Roti Manis,https://resepkoki.id/resep/resep-roti-manis/,1059,No,,
876,Bolu Kukus Pelangi,https://resepkoki.id/resep/resep-bolu-kukus-pelangi/,1121,No,,
877,Bolu Gulung Coklat,https://resepkoki.id/resep/resep-bolu-gulung-coklat/,1063,No,,
878,Pizza Teflon,https://resepkoki.id/resep/resep-pizza-teflon/,2038,No,,
879,Gabin Tape,https://resepkoki.id/resep/resep-gabin-tape/,1430,No,,
880,Klepon Ubi Ungu,https://resepkoki.id/resep/resep-klepon-ubi-ungu/,1326,No,,
881,Cilor,https://resepkoki.id/resep/resep-cilor/,1353,No,,
882,Pie Susu,https://resepkoki.id/resep/resep-pie-susu/,1195,No,,
883,Singkong Thailand,https://resepkoki.id/resep/resep-singkong-thailand/,1179,No,,
884,Jalangkote,https://resepkoki.id/resep/resep-jalangkote/,1225,No,,
885,Kue Telur Gabus,https://resepkoki.id/resep/resep-kue-telur-gabus/,1892,No,,
886,Donat Jadul,https://resepkoki.id/resep/resep-donat-jadul/,2865,No,,
887,Hotang (Hotdog Kentang) / Sostang (Sosis Kentang),https://resepkoki.id/resep/resep-hotang-sostang-hotdog-sosis/,1541,No,,
888,Ongol Ongol,https://resepkoki.id/resep/resep-ongol-ongol/,1099,No,,
889,Onde-Onde Isi Kacang Hijau,https://resepkoki.id/resep/resep-onde-onde-isi-kacang-hijau/,1061,No,,
890,Sawut Singkong Gunung,https://resepkoki.id/resep/resep-sawut-singkong-gunung/,1047,No,,
891,Panada,https://resepkoki.id/resep/resep-panada/,1124,No,,
892,Pisang Rai,https://resepkoki.id/resep/resep-pisang-rai/,1071,No,,
893,Getas,https://resepkoki.id/resep/resep-getas/,1625,No,,
894,Kue Lapis Hunkwe,https://resepkoki.id/resep/resep-kue-lapis-hunkwe/,1734,No,,
895,Getuk Lindri,https://resepkoki.id/resep/resep-getuk-lindri/,1843,No,,
896,Nagasari,https://resepkoki.id/resep/resep-nagasari/,1799,Yes,Ling,
897,Putu Mayang,https://resepkoki.id/resep/resep-putu-mayang/,1761,No,,
898,Sosis Solo,https://resepkoki.id/resep/resep-sosis-solo/,1711,No,,
899,Kue Talam Ebi,https://resepkoki.id/resep/resep-kue-talam-ebi/,1694,No,,
900,Wajik Ketan,https://resepkoki.id/resep/resep-wajik-ketan/,1863,No,,
901,Wingko Babat,https://resepkoki.id/resep/resep-wingko-babat/,1792,No,,
902,Kue Cucur Gula Merah,https://resepkoki.id/resep/resep-kue-cucur-gula-merah/,2189,No,,
903,Awug-Awug,https://resepkoki.id/resep/resep-awug-awug/,1699,No,,
904,Kue Lumpur Kentang,https://resepkoki.id/resep/resep-kue-lumpur-kentang/,1875,No,,
905,Lemet Singkong,https://resepkoki.id/resep/resep-lemet-singkong/,1901,No,,
906,Lepet Jagung,https://resepkoki.id/resep/resep-lepet-jagung/,1035,No,,
907,Lemper Ayam Bakar,https://resepkoki.id/resep/resep-lemper-ayam-bakar/,1113,No,,
908,Kue Kering Nastar,https://resepkoki.id/resep/resep-kue-kering-nastar/,2257,No,,
909,Bika Ambon,https://resepkoki.id/resep/resep-bika-ambon/,1740,No,,
910,Bolu Koja,https://resepkoki.id/resep/resep-bolu-koja/,1664,No,,
911,Cente Manis,https://resepkoki.id/resep/resep-cente-manis/,1626,No,,
912,Combro,https://resepkoki.id/resep/resep-combro/,1618,No,,
913,Sagu Keju,https://resepkoki.id/resep/resep-sagu-keju/,1850,No,,
914,Kue Ku,https://resepkoki.id/resep/resep-kue-ku/,1779,No,,
915,Misro,https://resepkoki.id/resep/resep-misro/,1671,No,,
916,Serabi Bandung Oncom,https://resepkoki.id/resep/resep-serabi-bandung-oncom/,1652,No,,
917,Roti Bakar Keju Coklat,https://resepkoki.id/resep/resep-roti-bakar-keju-coklat/,1539,No,,
918,Cinnamon Roll,https://resepkoki.id/resep/resep-cinnamon-roll/,1390,No,,
919,Donat Kentang,https://resepkoki.id/resep/resep-donat-kentang/,2326,No,,
920,Kroket Kentang Isi Ayam Wortel,https://resepkoki.id/resep/resep-kroket-kentang-isi-ayam-wortel/,1680,No,,
921,Kue Lapis Beras,https://resepkoki.id/resep/resep-kue-lapis-beras/,1568,No,,
922,Puding Jagung,https://resepkoki.id/resep/resep-puding-jagung/,1642,No,,
923,Muffin Coklat,https://resepkoki.id/resep/resep-muffin-coklat/,1694,No,,
924,Cake Pisang (Banana Bread),https://resepkoki.id/resep/resep-cake-pisang-banana-bread/,1639,No,,
925,Bolu Gulung Pandan Keju,https://resepkoki.id/resep/resep-bolu-gulung-pandan-keju/,1590,No,,
926,Kue Sus Isi Vla,https://resepkoki.id/resep/resep-kue-sus-isi-vla/,1722,No,,
927,Apem Panggang,https://resepkoki.id/resep/resep-apem-panggang/,1735,No,,
928,Bolu Marmer,https://resepkoki.id/resep/resep-bolu-marmer/,1316,No,,
929,Pisang Bolen Keju,https://resepkoki.id/resep/resep-pisang-bolen-keju/,1297,No,,
930,Pastel Isi Ayam,https://resepkoki.id/resep/resep-pastel-isi-ayam/,1437,No,,
931,Kue Ketan Hitam Kukus,https://resepkoki.id/resep/resep-kue-ketan-hitam-kukus/,1319,No,,
932,Puding Brownies,https://resepkoki.id/resep/resep-puding-brownies/,1384,No,,
933,Black Forest,https://resepkoki.id/resep/resep-black-forest/,1296,No,,
934,Brownies Panggang Klasik,https://resepkoki.id/resep/resep-brownies-panggang-klasik/,1519,No,,
935,Bitterballen,https://resepkoki.id/resep/resep-bitterballen/,1364,No,,
936,Roti Goreng Isi Cokelat,https://resepkoki.id/resep/resep-roti-goreng-isi-cokelat/,1579,No,,
937,Putu Ayu,https://resepkoki.id/resep/resep-putu-ayu/,1922,No,,
938,Kue Bolu Sarang Semut (Caramel Cake),https://resepkoki.id/resep/resep-kue-bolu-sarang-semut-caramel-cake/,1484,No,,
939,Chocolate Lava Cake,https://resepkoki.id/resep/resep-chocolate-lava-cake/,1386,No,,
940,Puding Zebra,https://resepkoki.id/resep/resep-puding-zebra/,1411,No,,
941,Kue Kacang,https://resepkoki.id/resep/resep-kue-kacang/,1503,No,,
942,Roti Tawar,https://resepkoki.id/resep/resep-roti-tawar/,1442,No,,
943,Kue Putri Salju,https://resepkoki.id/resep/resep-kue-putri-salju/,1163,No,,
944,Choco Chip Cookies (Kukis),https://resepkoki.id/resep/resep-choco-chip-cookies-kukis/,1559,No,,
945,Klapertart Klasik,https://resepkoki.id/resep/resep-klapertart-klasik/,1225,No,,
946,Bolu Tape,https://resepkoki.id/resep/resep-bolu-tape/,1611,No,,
947,Pie Vla Buah Mini (Fruit Tartlet),https://resepkoki.id/resep/resep-pie-vla-buah-mini-fruit-tartlet/,1294,No,,
948,Poffertjes,https://resepkoki.id/resep/resep-poffertjes/,1044,No,,
949,Roti Kasur,https://resepkoki.id/resep/resep-roti-kasur/,1540,No,,
950,Kue Leker,https://resepkoki.id/resep/resep-kue-leker/,1593,No,,
951,Kue Gabin Ragout,https://resepkoki.id/resep/resep-kue-gabin-ragout/,1101,No,,
952,Sponge Cake Lemon,https://resepkoki.id/resep/resep-sponge-cake-lemon/,1541,No,,
953,Kue Rangi,https://resepkoki.id/resep/resep-kue-rangi/,1530,No,,
954,Tiramisu,https://resepkoki.id/resep/resep-tiramisu/,1625,No,,
955,Risoles Ragout,https://resepkoki.id/resep/resep-risoles-ragout/,1628,No,,
956,Chiffon Cake Pandan,https://resepkoki.id/resep/resep-chiffon-cake-pandan/,1642,No,,
957,Egg Tart Portuguese,https://resepkoki.id/resep/resep-egg-tart-portuguese/,1781,No,,
958,Bingka Kentang,https://resepkoki.id/resep/resep-bingka-kentang/,1646,No,,
959,Roti Pisang,https://resepkoki.id/resep/resep-roti-pisang/,1916,No,,
960,Kue Khamir,https://resepkoki.id/resep/resep-kue-khamir/,1618,No,,
961,Waffle,https://resepkoki.id/resep/resep-waffle/,1798,No,,
962,Prol Tape,https://resepkoki.id/resep/resep-prol-tape/,1187,No,,
963,Roti Boy O (Mocha Bun),https://resepkoki.id/resep/resep-roti-boy-o-mocha-bun/,1787,No,,
964,Cheese Cake Kukus (Tanpa Oven),https://resepkoki.id/resep/resep-cheese-cake-kukus-tanpa-oven/,1077,No,,
965,Roti Sobek,https://resepkoki.id/resep/resep-roti-sobek/,1208,No,,
966,Almond Crispy,https://resepkoki.id/resep/resep-almond-crispy/,1655,No,,
967,Roti Jala Kari Daging,https://resepkoki.id/resep/resep-roti-jala-kari-daging/,1774,No,,
968,Apple Pie,https://resepkoki.id/resep/resep-apple-pie/,1798,No,,
969,Coklat Praline Kurma Kacang Mete,https://resepkoki.id/resep/resep-coklat-praline-kurma-kacang-mete/,1793,No,,
970,Kue Talam Tepung Beras Pandan,https://resepkoki.id/resep/resep-kue-talam-tepung-beras-pandan/,1343,No,,
971,Kue Talam Singkong Gula Merah,https://resepkoki.id/resep/resep-kue-talam-singkong-gula-merah/,1291,No,,
972,Kue Lumpur Labu Kuning,https://resepkoki.id/resep/resep-kue-lumpur-labu-kuning/,1820,No,,
973,Kue Bangkit,https://resepkoki.id/resep/resep-kue-bangkit/,1061,No,,
974,Cloud Bread,https://resepkoki.id/resep/resep-cloud-bread/,1601,No,,
975,Kue Mochi,https://resepkoki.id/resep/resep-kue-mochi/,1082,No,,
976,Bolu Kukus Gula Merah,https://resepkoki.id/resep/resep-bolu-kukus-gula-merah/,1742,No,,
977,Bolu Kukus Pisang,https://resepkoki.id/resep/resep-bolu-kukus-pisang/,1614,No,,
978,Pancake Pisang,https://resepkoki.id/resep/resep-pancake-pisang/,1653,No,,
979,Kue Lapis Surabaya (Spikoe),https://resepkoki.id/resep/resep-kue-lapis-surabaya-spikoe/,1406,No,,
980,Roti Isi Daging,https://resepkoki.id/resep/resep-roti-isi-daging/,1618,No,,
981,Carrot Cake,https://resepkoki.id/resep/resep-carrot-cake/,1634,No,,
982,Bolu Kukus Pandan,https://resepkoki.id/resep/resep-bolu-kukus-pandan/,3393,No,,
983,Macaroon Vanilla Oreo,https://resepkoki.id/resep/resep-macaroon-vanilla-oreo/,1663,No,,
984,Chocolate Mousse Cake,https://resepkoki.id/resep/resep-chocolate-mousses-cake/,1544,No,,
985,Brudel Keju Kukus,https://resepkoki.id/resep/resep-brudel-keju-kukus/,1543,No,,
986,Kue Garpu,https://resepkoki.id/resep/resep-kue-garpu/,2103,No,,
987,Kue Lumpur Surga,https://resepkoki.id/resep/resep-kue-lumpur-surga/,1547,No,,
988,Mille Crepes,https://resepkoki.id/resep/resep-mille-crepe/,1654,No,,
989,Brownies Kukus Lumer ala Amanda,https://resepkoki.id/resep/resep-brownies-kukus-lumer-ala-amanda/,2669,No,,
990,Kue Nastar Keju,https://resepkoki.id/resep/resep-kue-nastar-keju/,2167,No,,
991,Kue Cubit,https://resepkoki.id/resep/resep-kue-cubit/,1493,No,,
992,Bolu Panggang Coklat,https://resepkoki.id/resep/resep-bolu-panggang-coklat/,1751,No,,
993,Kue Tart Ulang Tahun,https://resepkoki.id/resep/resep-kue-tart-ulang-tahun/,1618,No,,
994,Kue Tusuk Gigi,https://resepkoki.id/resep/resep-kue-tusuk-gigi/,1463,No,,
995,Bolu Pisang,https://resepkoki.id/resep/resep-bolu-pisang/,1631,No,,
996,Sus Buah,https://resepkoki.id/resep/resep-sus-buah/,1399,No,,
997,Getuk Pisang,https://resepkoki.id/resep/resep-getuk-pisang/,1714,No,,
998,Martabak Manis Cokelat Kacang,https://resepkoki.id/resep/resep-martabak-manis-cokelat-kacang/,1724,No,,
999,Kue Pancong Betawi,https://resepkoki.id/resep/resep-kue-pancong-betawi/,1729,No,,
1000,Pukis Keju,https://resepkoki.id/resep/resep-pukis-keju/,1715,No,,
1001,Martabak Manis Keju Susu,https://resepkoki.id/resep/resep-martabak-manis-keju-susu/,1716,No,,
1002,Cibay Pedas,https://resepkoki.id/resep/resep-cibay-pedas/,1675,No,,
1003,Cucuru Bayao,https://resepkoki.id/resep/resep-cucuru-bayao/,1540,No,,
1004,Timus Singkong,https://resepkoki.id/resep/resep-timus-singkong/,1529,No,,
1005,Rondo Royal (Tape Goreng),https://resepkoki.id/resep/resep-rondo-royal-tape-goreng/,1558,No,,
1006,Lemang Tapai,https://resepkoki.id/resep/resep-lemang-tapai/,1596,No,,
1007,Kue Talam,https://resepkoki.id/resep/resep-kue-talam/,1598,No,,
1008,Wedang Angsle,https://resepkoki.id/resep/resep-wedang-angsle/,1608,No,,
1009,Telur Gulung,https://resepkoki.id/resep/resep-telur-gulung/,1365,No,,
1010,Tape Ketan,https://resepkoki.id/resep/resep-tape-ketan/,1711,No,,
1011,Bihun Gulung,https://resepkoki.id/resep/resep-bihun-gulung/,1125,No,,
1012,Pisang Gulung,https://resepkoki.id/resep/resep-pisang-gulung/,1096,No,,
1013,Choi Pan,https://resepkoki.id/resep/resep-choi-pan/,1756,No,,
1014,Sekoteng,https://resepkoki.id/resep/resep-sekoteng/,1526,No,,
1015,Lontong Medan,https://resepkoki.id/resep/resep-lontong-medan/,1609,No,,
1016,Kulit Pangsit,https://resepkoki.id/resep/resep-kulit-pangsit/,1170,No,,
1017,Semar Mendem,https://resepkoki.id/resep/resep-semar-mendem/,1681,No,,
1018,Pisang Goreng Madu,https://resepkoki.id/resep/resep-pisang-goreng-madu/,1478,No,,
1019,Biji Salak,https://resepkoki.id/resep/resep-biji-salak/,1879,No,,
1020,Gandasturi,https://resepkoki.id/resep/resep-gandasturi/,1104,No,,
1021,Martabak Mesir,https://resepkoki.id/resep/resep-martabak-mesir/,1202,No,,
1022,Pisang Goreng Pontianak,https://resepkoki.id/resep/resep-pisang-goreng-pontianak/,1327,No,,
1023,Lupis,https://resepkoki.id/resep/resep-lupis/,1388,No,,
1024,Kacang Telur,https://resepkoki.id/resep/resep-kacang-telur/,1452,No,,
1025,Kue Cubit Green Tea,https://resepkoki.id/resep/resep-kue-cubit-green-tea/,1382,No,,
1026,Kue Mendut,https://resepkoki.id/resep/resep-kue-mendut/,1383,No,,
1027,Pisang Epe,https://resepkoki.id/resep/resep-pisang-epe/,1193,No,,
1028,Es Susu Pop Ice Mambo,https://resepkoki.id/resep/resep-es-susu-pop-ice-mambo/,1593,No,,
1029,Kacang Disco,https://resepkoki.id/resep/resep-kacang-disco/,1640,No,,
1030,Cilok Isi Kuah,https://resepkoki.id/resep/resep-cilok-isi-kuah/,1127,No,,
1031,Kue Sakura (Bolu),https://resepkoki.id/resep/resep-kue-sakura-bolu/,1632,No,,
1032,Jasuke,https://resepkoki.id/resep/resep-jasuke/,1639,No,,
1033,Sala Lauak,https://resepkoki.id/resep/resep-sala-lauak/,1620,No,,
1034,Keripik Pisang,https://resepkoki.id/resep/resep-keripik-pisang/,1625,No,,
1035,Keripik Bawang,https://resepkoki.id/resep/resep-keripik-bawang/,1577,No,,
1036,Kacang Bawang,https://resepkoki.id/resep/resep-kacang-bawang/,1607,No,,
1037,Kembang Goyang,https://resepkoki.id/resep/resep-kembang-goyang/,1715,No,,
1038,Corndog,https://resepkoki.id/resep/resep-corndog/,1554,No,,
1039,Biji Ketapang,https://resepkoki.id/resep/resep-biji-ketapang/,1651,No,,
1040,Rempeyek Kacang Tanah,https://resepkoki.id/resep/resep-rempeyek-kacang-tanah/,1602,No,,
1041,Lumpia Basah,https://resepkoki.id/resep/resep-lumpia-basah/,1379,No,,
1042,Bubur Manado,https://resepkoki.id/resep/resep-bubur-manado/,1230,No,,
1043,Barongko,https://resepkoki.id/resep/resep-barongko/,1135,No,,
1044,Timus Ubi,https://resepkoki.id/resep/resep-timus-ubi/,1245,No,,
1045,Peyek Udang,https://resepkoki.id/resep/resep-peyek-udang/,1321,No,,
1046,Kue Pukis Coklat (Pancong),https://resepkoki.id/resep/resep-kue-pukis-coklat-pancong/,1706,No,,
1047,Carang Gesing,https://resepkoki.id/resep/resep-carang-gesing/,1656,No,,
1048,Arem-Arem,https://resepkoki.id/resep/resep-arem-arem/,1637,No,,
1049,Cenil,https://resepkoki.id/resep/resep-cenil/,1750,No,,
1050,Dadar Gulung Isi Kelapa,https://resepkoki.id/resep/resep-dadar-gulung-isi-kelapa/,1899,No,,
1051,Getuk Goreng,https://resepkoki.id/resep/resep-getuk-goreng/,1687,No,,
1052,Cilok,https://resepkoki.id/resep/resep-cilok/,1663,No,,
1053,Kue Mangkok,https://resepkoki.id/resep/resep-kue-mangkok/,1653,No,,
1054,Es Gabus,https://resepkoki.id/resep/resep-es-gabus/,1644,No,,
1055,Bubur Ketan Hitam,https://resepkoki.id/resep/resep-bubur-ketan-hitam/,1600,No,,
1056,Bakpia Teflon Khas Yogyakarta,https://resepkoki.id/resep/resep-bakpia-teflon-khas-yogyakarta/,1535,No,,
1057,Pisang Bakar Penyet,https://resepkoki.id/resep/resep-pisang-bakar-penyet/,1536,No,,
1058,Perkedel Bondon,https://resepkoki.id/resep/resep-perkedel-bondon/,1658,No,,
1059,Bubur Candil,https://resepkoki.id/resep/resep-bubur-candil/,1315,No,,
1060,Bubur Sumsum,https://resepkoki.id/resep/resep-bubur-sumsum/,1490,No,,
1061,Onde-Onde Ketawa,https://resepkoki.id/resep/resep-onde-onde-ketawa/,1551,No,,
1062,Cheese Stick (Stik Keju),https://resepkoki.id/resep/resep-cheese-stick-stik-keju/,1486,No,,
1063,Cireng Isi,https://resepkoki.id/resep/resep-cireng-isi/,1478,No,,
1064,Bubur Kacang Hijau,https://resepkoki.id/resep/resep-bubur-kacang-hijau/,1382,No,,
1065,Misoa Goreng,https://resepkoki.id/resep/resep-misoa-goreng/,1708,No,,
1066,Rujak Cireng,https://resepkoki.id/resep/resep-rujak-cireng/,1237,No,,
1067,Colenak,https://resepkoki.id/resep/resep-colenak/,1113,No,,
1068,Rujak Cuka,https://resepkoki.id/resep/resep-rujak-cuka/,1076,No,,
1069,Jenang Gempol,https://resepkoki.id/resep/resep-jenang-gempol/,1277,No,,
1070,Bola Bola Coklat (Truffle),https://resepkoki.id/resep/resep-bola-bola-coklat-truffle/,1158,No,,
1071,Terang Bulan,https://resepkoki.id/resep/resep-terang-bulan/,1760,No,,
1072,Lumpia Rebung,https://resepkoki.id/resep/resep-lumpia-rebung/,1419,No,,
1073,Martabak Bandung,https://resepkoki.id/resep/resep-martabak-bandung/,1310,No,,
1074,Bubur Mutiara,https://resepkoki.id/resep/resep-bubur-mutiara/,1414,No,,
1075,Samosa,https://resepkoki.id/resep/resep-samosa/,1742,No,,
1076,Risoles Mayo,https://resepkoki.id/resep/resep-risoles-mayo/,1656,No,,
1077,Pisang Goreng Kipas,https://resepkoki.id/resep/resep-pisang-goreng-kipas/,1106,No,,
1078,Lumpia Sayur Goreng,https://resepkoki.id/resep/resep-lumpia-sayur-goreng/,1555,No,,
1079,Makaroni Telur (Maklor),https://resepkoki.id/resep/resep-makaroni-telur-maklor/,1630,No,,
1080,Kue Putu Bambu,https://resepkoki.id/resep/resep-kue-putu-bambu/,1698,No,,
1081,Bakpao,https://resepkoki.id/resep/resep-bakpao/,1644,Yes,Christina,
1082,Bubur Kampiun,https://resepkoki.id/resep/resep-bubur-kampiun/,1559,No,,
1083,Cimol,https://resepkoki.id/resep/resep-cimol/,2424,Yes,Ara,
1084,Singkong Keju,https://resepkoki.id/resep/resep-singkong-keju/,1707,No,,
1085,Ketan Susu,https://resepkoki.id/resep/resep-ketan-susu/,1643,No,,
1086,Cakwe,https://resepkoki.id/resep/resep-cakwe/,1782,Yes,Ara,
1087,Lumpia Semarang,https://resepkoki.id/resep/resep-lumpia-semarang/,1665,No,,
1088,Amparan Tatak,https://resepkoki.id/resep/resep-amparan-tatak/,1626,No,,
1089,Ketan Durian,https://resepkoki.id/resep/resep-ketan-durian/,1659,No,,
1090,Pisang Coklat Lumer (Piscok),https://resepkoki.id/resep/resep-pisang-coklat-lumer-piscok/,1649,No,,
1091,Tteokbokki,https://resepkoki.id/resep/resep-tteokbokki/,2007,No,,
1092,Martabak Telur,https://resepkoki.id/resep/resep-martabak-telur/,1635,No,,
1093,Gemblong Ketan Hitam,https://resepkoki.id/resep/resep-gemblong-ketan-hitam/,1387,No,,
1094,Gemblong Ketan Putih,https://resepkoki.id/resep/resep-gemblong-ketan-putih/,1388,No,,
1095,Pisang Molen,https://resepkoki.id/resep/resep-pisang-molen/,1624,No,,
1096,Puding Kelapa Muda,https://resepkoki.id/resep/resep-puding-kelapa-muda/,1360,No,,
1097,Puding Coklat Susu,https://resepkoki.id/resep/resep-puding-coklat-susu/,1920,No,,
1098,Puding Pepaya,https://resepkoki.id/resep/resep-puding-pepaya/,1361,No,,
1099,Puding Sutra,https://resepkoki.id/resep/resep-puding-sutra/,1048,No,,
1100,Puding Oreo,https://resepkoki.id/resep/resep-puding-oreo/,1648,No,,
1101,Puding Tape Ketan,https://resepkoki.id/resep/resep-puding-tape-ketan/,1388,No,,
1102,Puding Strawberry,https://resepkoki.id/resep/resep-puding-strawberry/,1417,No,,
1103,Puding Casablanca Pandan Coklat,https://resepkoki.id/resep/resep-puding-casablanca-pandan-coklat/,1609,No,,
1104,Puding Alpukat,https://resepkoki.id/resep/resep-puding-alpukat/,1239,No,,
1105,Puding Mozaik,https://resepkoki.id/resep/resep-puding-mozaik/,1284,No,,
1106,Panna Cotta Strawberry,https://resepkoki.id/resep/resep-panna-cotta-strawberry/,1235,No,,
1107,Puding Karamel (Caramel Custard Pudding),https://resepkoki.id/resep/resep-puding-karamel-caramel-custard-pudding/,1690,No,,
1108,Kembang Tahu Wedang (Tahok),https://resepkoki.id/resep/resep-kembang-tahu-wedang-tahok/,1545,No,,
1109,Puding Ombre Ubi Ungu,https://resepkoki.id/resep/resep-puding-ombre-ubi-ungu/,1465,No,,
1110,Puding Lumut,https://resepkoki.id/resep/resep-puding-lumut/,1725,No,,
1111,Silky Puding,https://resepkoki.id/resep/resep-silky-puding/,1613,No,,
1112,Butterscotch Pudding,https://resepkoki.id/resep/resep-butterscotch-pudding/,1037,No,,
1113,Puding Buah Naga,https://resepkoki.id/resep/resep-puding-buah-naga/,1373,No,,
1114,Puding Santan (Gula Merah),https://resepkoki.id/resep/resep-puding-santan-gula-merah/,1648,No,,
1115,Puding Regal Kopi,https://resepkoki.id/resep/resep-puding-regal-kopi/,1385,No,,
1116,Pudot (Puding Sedot),https://resepkoki.id/resep/resep-pudot-puding-sedot/,1500,No,,
1117,Puding Telor Ceplok,https://resepkoki.id/resep/resep-puding-telor-ceplok/,1547,No,,
1118,Puding Labu,https://resepkoki.id/resep/resep-puding-labu/,1552,No,,
1119,Puding Susu,https://resepkoki.id/resep/resep-puding-susu/,1898,No,,
1120,Puding Mangga,https://resepkoki.id/resep/resep-puding-mangga/,1668,No,,
1121,Vla Puding Buah,https://resepkoki.id/resep/resep-vla-puding-buah/,1454,No,,
1122,Es Lilin Nutrijel Pelangi,https://resepkoki.id/resep/resep-es-lilin-nutrijel-pelangi/,1355,No,,
1123,Keripik Singkong Balado,https://resepkoki.id/resep/resep-keripik-singkong-balado/,1531,No,,
1124,Kentang Mustofa,https://resepkoki.id/resep/resep-kentang-mustofa/,1754,No,,
1125,Kerupuk Udang,https://resepkoki.id/resep/resep-kerupuk-udang/,1250,No,,
1126,Rengginang,https://resepkoki.id/resep/resep-rengginang/,1223,No,,
1127,Kerupuk Nasi,https://resepkoki.id/resep/resep-kerupuk-nasi/,1693,No,,
1128,Rempeyek Teri,https://resepkoki.id/resep/resep-rempeyek-teri/,1406,No,,
1129,Keripik Singkong,https://resepkoki.id/resep/resep-keripik-singkong/,1509,No,,
1130,Keripik Bayam,https://resepkoki.id/resep/resep-keripik-bayam/,1354,No,,
1131,Kolak Durian,https://resepkoki.id/resep/resep-kolak-durian/,1755,No,,
1132,Teh Tarik,https://resepkoki.id/resep/resep-teh-tarik/,1600,Yes,Ara,
1133,Dalgona Coffee,https://resepkoki.id/resep/resep-dalgona-coffee/,1629,No,,
1134,King Mango Thai,https://resepkoki.id/resep/resep-king-mango-thai/,1753,No,,
1135,Es Boba Brown Sugar,https://resepkoki.id/resep/resep-es-boba-brown-sugar/,1681,Yes,Saras,
1136,Es Kopi Susu,https://resepkoki.id/resep/resep-es-kopi-susu/,1773,No,,
1137,Coffee Jelly,https://resepkoki.id/resep/resep-coffee-jelly/,1566,No,,
1138,Teh Susu Telur (Talua) Khas Medan,https://resepkoki.id/resep/resep-teh-susu-telur-talua-khas-medan/,1628,No,,
1139,Dalgona Milo,https://resepkoki.id/resep/resep-dalgona-milo/,1562,Yes,Saras,
1140,Es Doger,https://resepkoki.id/resep/resep-es-doger/,1350,No,,
1141,Es Alpukat,https://resepkoki.id/resep/resep-es-alpukat/,1763,No,,
1142,Jus Alpukat,https://resepkoki.id/resep/resep-jus-alpukat/,1030,Yes,Ling,
1143,Sale Pisang,https://resepkoki.id/resep/resep-sale-pisang/,1623,No,,
1144,MPASI 6 Bulan (Bubur Kabocha),https://resepkoki.id/resep/resep-mpasi-6-bulan-bubur-kabocha/,1586,No,,
1145,Cappucino Cincau,https://resepkoki.id/resep/resep-cappucino-cincau/,1563,No,,
1146,Kunyit Asam,https://resepkoki.id/resep/resep-kunyit-asam/,1607,No,,
1147,Setup Pisang,https://resepkoki.id/resep/resep-setup-pisang/,1542,No,,
1148,Jus Buah Naga Stroberi,https://resepkoki.id/resep/resep-jus-buah-naga-stroberi/,1606,No,,
1149,Es Krim Strawberry,https://resepkoki.id/resep/resep-es-krim-strawberry/,1604,No,,
1150,Susu Kedelai,https://resepkoki.id/resep/resep-susu-kedelai/,1203,No,,
1151,Es Timun Suri,https://resepkoki.id/resep/resep-es-timun-suri/,1679,No,,
1152,Rujak Serut,https://resepkoki.id/resep/resep-rujak-serut/,1194,No,,
1153,Kolak Labu,https://resepkoki.id/resep/resep-kolak-labu/,1080,No,,
1154,Es Gempol Pleret,https://resepkoki.id/resep/resep-es-gempol-pleret/,1689,No,,
1155,Es Lidah Buaya,https://resepkoki.id/resep/resep-es-lidah-buaya/,1139,No,,
1156,Selai Nanas,https://resepkoki.id/resep/resep-selai-nanas/,1205,No,,
1157,Es Krim Coklat Homemade,https://resepkoki.id/resep/resep-es-krim-coklat-homemade/,1749,No,,
1158,Es Rumput Laut,https://resepkoki.id/resep/resep-es-rumput-laut/,1370,No,,
1159,Thai Tea,https://resepkoki.id/resep/resep-thai-tea/,1745,No,,
1160,Es Teler,https://resepkoki.id/resep/resep-es-teler/,1434,No,,
1161,Jus Mangga,https://resepkoki.id/resep/resep-jus-mangga/,1721,No,,
1162,Sorbet Buah,https://resepkoki.id/resep/resep-sorbet-buah/,1456,No,,
1163,Overnight Oat,https://resepkoki.id/resep/resep-overnight-oat/,1180,No,,
1164,Es Oyen,https://resepkoki.id/resep/resep-es-oyen/,1693,No,,
1165,Nanas Goreng,https://resepkoki.id/resep/resep-nanas-goreng/,1471,No,,
1166,Beras Kencur,https://resepkoki.id/resep/resep-beras-kencur/,1542,No,,
1167,Es Selendang Mayang,https://resepkoki.id/resep/resep-es-selendang-mayang/,1254,No,,
1168,Mango Sticky Rice,https://resepkoki.id/resep/resep-mango-sticky-rice/,1692,No,,
1169,Rujak Buah,https://resepkoki.id/resep/resep-rujak-buah/,1251,No,,
1170,Sarabba,https://resepkoki.id/resep/resep-sarabba/,1223,No,,
1171,Lotek,https://resepkoki.id/resep/resep-lotek/,1196,No,,
1172,Es Cendol Dawet,https://resepkoki.id/resep/resep-es-cendol-dawet/,2033,No,,
1173,Es Kopyor,https://resepkoki.id/resep/resep-es-kopyor/,1695,Yes,Christina,
1174,Es Sarang Burung,https://resepkoki.id/resep/resep-es-sarang-burung/,1635,No,,
1175,Es Kepal Milo,https://resepkoki.id/resep/resep-es-kepal-milo/,1666,No,,
1176,Manisan Kolang Kaling,https://resepkoki.id/resep/resep-manisan-kolang-kaling/,1713,No,,
1177,Bandrek,https://resepkoki.id/resep/resep-bandrek/,1925,No,,
1178,Manisan Mangga,https://resepkoki.id/resep/resep-manisan-mangga/,1635,No,,
1179,Es Kacang Merah,https://resepkoki.id/resep/resep-es-kacang-merah/,1607,No,,
1180,Es Manado,https://resepkoki.id/resep/resep-es-manado/,1286,No,,
1181,Wedang Ronde,https://resepkoki.id/resep/resep-wedang-ronde/,1600,No,,
1182,Sop Buah,https://resepkoki.id/resep/resep-sop-buah/,1788,No,,
1183,Guacamole,https://resepkoki.id/resep/resep-guacamole/,1323,No,,
1184,Es Timun Serut,https://resepkoki.id/resep/resep-es-timun-serut/,1512,No,,
1185,Asinan Rambutan,https://resepkoki.id/resep/resep-asinan-rambutan/,1546,No,,
1186,Asinan Buah,https://resepkoki.id/resep/resep-asinan-buah/,1584,No,,
1187,Es Buah,https://resepkoki.id/resep/resep-es-buah/,1505,Yes,Aras,
1188,Es Kelapa Muda,https://resepkoki.id/resep/resep-es-kelapa-muda/,1518,Yes,Aras,
1189,Es Cincau,https://resepkoki.id/resep/resep-es-cincau/,1529,No,,
